episode,actions,rewards
0,2,-100100.0
1,2,-100099.0
2,4,-4298.0
3,6,-100495.0
4,2,-100099.0
5,2,-4100.0
6,6,-4496.0
7,2,-4100.0
8,2,-200000.0
9,2,-100099.0
10,8,-100693.0
11,6,-100495.0
12,2,-4100.0
13,8,-100695.0
14,2,-100100.0
15,2,-200000.0
16,2,-100099.0
17,4,-4399.0
18,2,-100099.0
19,4,-200198.0
20,2,-4100.0
21,2,-200000.0
22,2,-200000.0
23,10,-100895.0
24,2,-100099.0
25,2,-100100.0
26,2,-100099.0
27,2,-100100.0
28,2,-4100.0
29,2,-4100.0
30,2,-100099.0
31,8,-100694.0
32,2,-100099.0
33,2,-100099.0
34,4,-4298.0
35,4,-4399.0
36,6,-100495.0
37,6,-100497.0
38,4,-100297.0
39,2,-100099.0
40,4,-100297.0
41,42,-101664.0
42,8,-100695.0
43,2,-100099.0
44,2,-200000.0
45,2,-100099.0
46,2,-100099.0
47,2,-4100.0
48,2,-100100.0
49,6,-100496.0
50,2,-100099.0
51,2,-100099.0
52,2,-100099.0
53,2,-100099.0
54,2,-4100.0
55,6,-200396.0
56,2,-100100.0
57,2,-200000.0
58,2,-4100.0
59,2,-4100.0
60,2,-100100.0
61,2,-100099.0
62,2,-100099.0
63,4,-100298.0
64,4,-100297.0
65,2,-100100.0
66,2,-100099.0
67,6,-200396.0
68,8,-100695.0
69,4,-100298.0
70,4,-100297.0
71,4,-100298.0
72,20,-101883.0
73,2,-4100.0
74,4,-100297.0
75,4,-100300.0
76,2,-100100.0
77,4,-100300.0
78,2,-100099.0
79,12,-101095.0
80,2,-100099.0
81,2,-4100.0
82,2,-4100.0
83,2,-100099.0
84,4,-100298.0
85,2,-100100.0
86,2,-100099.0
87,2,-100099.0
88,4,-100298.0
89,8,-100694.0
90,2,-100099.0
91,2,-100099.0
92,8,-100695.0
93,2,-100099.0
94,2,-100099.0
95,2,-100099.0
96,2,-100099.0
97,4,-100297.0
98,6,-100498.0
99,2,-100100.0
100,4,-200198.0
101,2,-4100.0
102,2,-100099.0
103,2,-100099.0
104,4,-100297.0
105,2,-100099.0
106,4,-4298.0
107,30,-102278.0
108,10,-100894.0
109,2,-100099.0
110,2,-100100.0
111,22,-102091.0
112,2,-200000.0
113,42,-102268.0
114,12,-101090.0
115,24,-101681.0
116,4,-100297.0
117,24,-102082.0
118,6,-100496.0
119,6,-100495.0
120,8,-100695.0
121,4,-100297.0
122,2,-100099.0
123,2,-4100.0
124,2,-200000.0
125,20,-5488.0
126,2,-100099.0
127,2,-200000.0
128,2,-100100.0
129,2,-100100.0
130,2,-100099.0
131,6,-100497.0
132,10,-100892.0
133,2,-100099.0
134,2,-200000.0
135,2,-100099.0
136,8,-100695.0
137,8,-4696.0
138,2,-100099.0
139,4,-4300.0
140,6,-100496.0
141,4,-200199.0
142,4,-100297.0
143,2,-100099.0
144,2,-100099.0
145,2,-100099.0
146,2,-100099.0
147,2,-100099.0
148,2,-100100.0
149,2,-100099.0
150,4,-100298.0
151,12,-101093.0
152,8,-100694.0
153,4,-4399.0
154,2,-100100.0
155,4,-100298.0
156,2,-200000.0
157,16,-101287.0
158,2,-100099.0
159,2,-100100.0
160,2,-100100.0
161,2,-4100.0
162,2,-100099.0
163,2,-100099.0
164,4,-100298.0
165,4,-100297.0
166,2,-100100.0
167,40,-102269.0
168,2,-100099.0
169,2,-100099.0
170,4,-4298.0
171,2,-100100.0
172,2,-100099.0
173,8,-100694.0
174,4,-100297.0
175,4,-4399.0
176,4,-100297.0
177,2,-100099.0
178,2,-100099.0
179,2,-200000.0
180,6,-100497.0
181,12,-5092.0
182,8,-100695.0
183,10,-100893.0
184,2,-4100.0
185,4,-100298.0
186,4,-100298.0
187,2,-100100.0
188,4,-200198.0
189,2,-100099.0
190,4,-100297.0
191,2,-100099.0
192,2,-200000.0
193,8,-100694.0
194,4,-100300.0
195,4,-100297.0
196,2,-4100.0
197,2,-100099.0
198,2,-100099.0
199,6,-100496.0
200,2,-4100.0
201,10,-200794.0
202,2,-100099.0
203,4,-100297.0
204,2,-4100.0
205,2,-100099.0
206,2,-4100.0
207,4,-100298.0
208,24,-101880.0
209,2,-4100.0
210,2,-100100.0
211,2,-100099.0
212,4,-100299.0
213,6,-100495.0
214,8,-100693.0
215,12,-101089.0
216,2,-200000.0
217,2,-100099.0
218,2,-100099.0
219,8,-100694.0
220,2,-100099.0
221,4,-100298.0
222,2,-100099.0
223,2,-100099.0
224,2,-100099.0
225,2,-100099.0
226,2,-100099.0
227,2,-100099.0
228,12,-101094.0
229,4,-100298.0
230,2,-100099.0
231,8,-4797.0
232,14,-101290.0
233,10,-100895.0
234,2,-100099.0
235,2,-100100.0
236,4,-100298.0
237,2,-100099.0
238,2,-100099.0
239,2,-100099.0
240,2,-100100.0
241,6,-100495.0
242,8,-100696.0
243,12,-101092.0
244,2,-100100.0
245,2,-100099.0
246,4,-200198.0
247,4,-100299.0
248,2,-100099.0
249,8,-4696.0
250,2,-100099.0
251,2,-4100.0
252,16,-101488.0
253,2,-100100.0
254,6,-100495.0
255,2,-4100.0
256,10,-100894.0
257,6,-100495.0
258,2,-200000.0
259,2,-100100.0
260,26,-201983.0
261,2,-4100.0
262,6,-4599.0
263,2,-100099.0
264,4,-100299.0
265,2,-100099.0
266,2,-100099.0
267,2,-200000.0
268,2,-100100.0
269,2,-100099.0
270,2,-100099.0
271,2,-100099.0
272,6,-100495.0
273,2,-100099.0
274,2,-100100.0
275,2,-100099.0
276,2,-100099.0
277,2,-100100.0
278,4,-100298.0
279,2,-100099.0
280,10,-100891.0
281,6,-100498.0
282,2,-100099.0
283,2,-100099.0
284,2,-100099.0
285,12,-5092.0
286,4,-100298.0
287,2,-100100.0
288,2,-100099.0
289,2,-100099.0
290,4,-100298.0
291,4,-100297.0
292,2,-100099.0
293,8,-100696.0
294,22,-101482.0
295,2,-100100.0
296,2,-200000.0
297,2,-100099.0
298,2,-100099.0
299,2,-100100.0
300,14,-101292.0
301,22,-101686.0
302,4,-100299.0
303,16,-101489.0
304,6,-100496.0
305,4,-4298.0
306,2,-100099.0
307,2,-4100.0
308,8,-100696.0
309,6,-4599.0
310,6,-4597.0
311,6,-100495.0
312,12,-101093.0
313,10,-100892.0
314,2,-4100.0
315,12,-101091.0
316,4,-200198.0
317,4,-4298.0
318,2,-4100.0
319,12,-101092.0
320,2,-100099.0
321,4,-100297.0
322,2,-4100.0
323,2,-200000.0
324,2,-100099.0
325,2,-100099.0
326,2,-100100.0
327,6,-100497.0
328,2,-4100.0
329,74,-4251.104416459555
330,12,-101096.0
331,4,-100298.0
332,2,-100099.0
333,10,-100894.0
334,8,-100693.0
335,2,-100099.0
336,4,-100297.0
337,2,-100099.0
338,4,-100297.0
339,2,-4100.0
340,2,-100099.0
341,4,-100299.0
342,4,-100299.0
343,2,-100099.0
344,4,-100298.0
345,20,-101887.0
346,2,-4100.0
347,2,-100099.0
348,10,-100893.0
349,2,-100099.0
350,2,-100099.0
351,2,-100100.0
352,4,-4399.0
353,2,-4100.0
354,38,181043.393436415
355,14,-101294.0
356,6,-100496.0
357,46,-101470.0
358,6,-100495.0
359,2,-100100.0
360,12,-101093.0
361,2,-100100.0
362,4,-100299.0
363,2,-100100.0
364,4,-4298.0
365,12,-5195.0
366,2,-4100.0
367,60,-98932.92843765869
368,8,-100697.0
369,4,-4399.0
370,2,-100099.0
371,2,-100100.0
372,2,-100100.0
373,2,-100099.0
374,14,-5391.0
375,2,-100099.0
376,48,-100687.25731763242
377,8,-4795.0
378,2,-100099.0
379,6,-100497.0
380,4,-4298.0
381,38,-102678.0
382,2,-4100.0
383,4,-4298.0
384,44,-100653.55754029032
385,6,-100497.0
386,4,-200198.0
387,2,-4100.0
388,2,-100099.0
389,2,-100099.0
390,2,-100099.0
391,2,-100099.0
392,2,-4100.0
393,52,-99229.07157403413
394,2,-100099.0
395,6,-100495.0
396,4,-4298.0
397,4,-200198.0
398,2,-4100.0
399,2,-4100.0
400,8,-100695.0
401,4,-200199.0
402,26,-101282.0
403,12,-101092.0
404,14,-101293.0
405,2,-100099.0
406,2,-100099.0
407,38,-99719.89287096396
408,4,-100298.0
409,2,-100099.0
410,2,-4100.0
411,4,-4298.0
412,80,162253.5679148014
413,2,-100099.0
414,4,-100299.0
415,2,-100100.0
416,2,-200000.0
417,52,-103270.0
418,2,-100099.0
419,2,-100100.0
420,2,-100099.0
421,28,-5282.0
422,2,-100099.0
423,2,-200000.0
424,36,-100098.57176645983
425,2,-200000.0
426,2,-100100.0
427,18,-101692.0
428,10,-100893.0
429,2,-100099.0
430,2,-100099.0
431,6,-100497.0
432,2,-100099.0
433,12,-101092.0
434,16,-5589.0
435,26,-102280.0
436,2,-100099.0
437,2,-100099.0
438,12,-101089.0
439,2,-4100.0
440,4,-4399.0
441,2,-100099.0
442,2,-100099.0
443,4,-100298.0
444,2,-4100.0
445,2,-4100.0
446,2,-100100.0
447,4,-100300.0
448,2,-100099.0
449,2,-4100.0
450,6,-100496.0
451,56,-100083.63195171086
452,4,-4298.0
453,2,-100099.0
454,2,-100100.0
455,2,-4100.0
456,2,-100099.0
457,4,-100299.0
458,4,-4399.0
459,2,-100100.0
460,2,-100099.0
461,12,-5096.0
462,2,-100099.0
463,2,-100100.0
464,2,-100099.0
465,2,-4100.0
466,4,-100298.0
467,6,-4498.0
468,2,-100099.0
469,2,-100099.0
470,4,-100298.0
471,2,-4100.0
472,8,-100695.0
473,4,-100298.0
474,2,-4100.0
475,50,-201215.64181315873
476,2,-4100.0
477,6,-100497.0
478,2,-4100.0
479,2,-100099.0
480,18,-101491.0
481,2,-100099.0
482,18,-101086.0
483,2,-4100.0
484,2,-100099.0
485,2,-100100.0
486,2,-100100.0
487,2,-4100.0
488,4,-100297.0
489,4,-100298.0
490,24,-101681.0
491,58,-100767.38801567079
492,2,-100100.0
493,2,-4100.0
494,4,-100298.0
495,4,-4298.0
496,4,-100297.0
497,8,-4795.0
498,6,-100495.0
499,4,-100297.0
500,2,-4100.0
501,6,-100495.0
502,4,-100298.0
503,2,-100099.0
504,2,-100100.0
505,10,-100891.0
506,6,-4599.0
507,62,-5793.786079860452
508,2,-4100.0
509,2,-100099.0
510,2,-4100.0
511,2,-4100.0
512,6,-4597.0
513,2,-100100.0
514,10,-100895.0
515,6,-100496.0
516,44,359739.3726658259
517,4,-100297.0
518,2,-4100.0
519,42,-102267.0
520,6,-100496.0
521,4,-4399.0
522,4,-4298.0
523,56,-100853.06381962738
524,2,-4100.0
525,2,-100099.0
526,2,-100100.0
527,4,-100297.0
528,8,-100697.0
529,6,-100496.0
530,4,-100298.0
531,28,-5480.0
532,34,367327.0
533,2,-100099.0
534,6,-4496.0
535,6,-100496.0
536,8,-100696.0
537,2,-100099.0
538,6,-100498.0
539,2,-4100.0
540,4,-100298.0
541,6,-100497.0
542,2,-100100.0
543,2,-100099.0
544,2,-100100.0
545,6,-100498.0
546,2,-4100.0
547,50,-98816.05674159554
548,2,-100100.0
549,6,-100497.0
550,2,-100099.0
551,2,-100100.0
552,2,-100099.0
553,2,-100099.0
554,4,-100298.0
555,46,-99408.24577222533
556,2,-100099.0
557,64,-102478.1436613764
558,4,-4298.0
559,4,-100299.0
560,12,-101093.0
561,2,-4100.0
562,2,-100100.0
563,2,-4100.0
564,8,-100695.0
565,2,-100099.0
566,2,-4100.0
567,2,-100099.0
568,2,-4100.0
569,2,-4100.0
570,2,-4100.0
571,4,-4298.0
572,34,-101875.0
573,12,-101091.0
574,2,-100099.0
575,2,-100099.0
576,2,-100100.0
577,2,-100099.0
578,46,-101203.67958279197
579,2,-100100.0
580,2,-100099.0
581,16,-5490.0
582,4,-100298.0
583,2,-100099.0
584,4,-4298.0
585,2,-100100.0
586,50,75989.22281349567
587,58,-101911.69871372933
588,2,-100099.0
589,8,-4795.0
590,50,81058.39101933008
591,4,-100299.0
592,8,-100695.0
593,10,-100895.0
594,2,-100100.0
595,8,-100697.0
596,2,-100100.0
597,10,-4993.0
598,4,-4399.0
599,2,-100099.0
600,2,-200000.0
601,4,-4300.0
602,2,-100100.0
603,48,-103070.0
604,6,-100495.0
605,6,-200399.0
606,38,-5480.0
607,2,-100099.0
608,6,-100497.0
609,2,-100100.0
610,2,-100099.0
611,4,-100298.0
612,2,-100099.0
613,2,-100099.0
614,4,-100299.0
615,2,-100099.0
616,50,-101838.33979139599
617,12,-101092.0
618,2,-100100.0
619,20,-101688.0
620,6,-100497.0
621,2,-100100.0
622,2,-100099.0
623,2,-4100.0
624,58,-100039.49962080513
625,2,-100099.0
626,10,-100895.0
627,2,-100099.0
628,2,-100100.0
629,2,-100100.0
630,12,-5193.0
631,102,-100385.98589558768
632,70,-103725.91752623643
633,2,-100099.0
634,4,-100297.0
635,4,-100299.0
636,2,-100100.0
637,4,-100298.0
638,16,-5492.0
639,30,-5284.0
640,4,-4399.0
641,2,-100100.0
642,4,-100299.0
643,2,-4100.0
644,2,-100100.0
645,4,-4298.0
646,2,-100099.0
647,78,-100132.60945673981
648,40,368879.80614676187
649,94,-102879.98493362303
650,4,-100298.0
651,2,-100099.0
652,42,366168.3092275905
653,2,-4100.0
654,54,174983.79645101598
655,2,-100099.0
656,4,-4298.0
657,46,362083.43902661436
658,2,-100099.0
659,62,-103067.0
660,2,-100100.0
661,16,-5193.0
662,8,-100694.0
663,100,309176.08388991735
664,4,-100298.0
665,4,-100299.0
666,2,-100099.0
667,2,-100100.0
668,2,-100099.0
669,58,350307.5887685443
670,10,-100895.0
671,10,-100895.0
672,38,-102882.0
673,54,-7276.0
674,82,322664.161592075
675,2,-100099.0
676,2,-100100.0
677,2,-100100.0
678,2,-100099.0
679,2,-100099.0
680,4,-4298.0
681,4,-4399.0
682,2,-4100.0
683,24,-5457.346464922924
684,4,-4298.0
685,10,-4997.0
686,2,-4100.0
687,2,-4100.0
688,90,-5060.632857448312
689,6,-4498.0
690,4,-4399.0
691,2,-100099.0
692,2,-4100.0
693,10,-100893.0
694,6,-100497.0
695,2,-100099.0
696,198,-111339.67874039772
697,8,-100696.0
698,74,-103208.67888879619
699,2,-100099.0
700,28,-5684.0
701,6,-100496.0
702,8,-4698.0
703,6,-100499.0
704,50,179266.58195945612
705,4,-100297.0
706,8,-100696.0
707,4,-4399.0
708,78,-98893.49942241395
709,8,-100696.0
710,14,-5290.0
711,80,-104669.0
712,4,-100299.0
713,54,174309.69700496484
714,112,-108668.0
715,4,-100299.0
716,2,-100099.0
717,4,-4300.0
718,80,323898.40255864605
719,2,-4100.0
720,16,-101488.0
721,2,-4100.0
722,2,-100099.0
723,6,-100496.0
724,52,348833.1668066924
725,2,-4100.0
726,2,-4100.0
727,16,-5492.0
728,8,-100696.0
729,2,-100100.0
730,6,-100497.0
731,28,186548.7868941105
732,2,-4100.0
733,2,-100099.0
734,8,-4698.0
735,160,-97102.93768502235
736,6,-4599.0
737,112,-99808.15511627577
738,2,-4100.0
739,6,-4496.0
740,4,-100299.0
741,16,-101290.0
742,4,-4298.0
743,10,-4896.0
744,2,-4100.0
745,14,-5393.0
746,2,-100100.0
747,2,-100099.0
748,4,-100299.0
749,6,-4597.0
750,62,-97518.62176195331
751,2,-4100.0
752,2,-100099.0
753,8,-100695.0
754,2,-4100.0
755,2,-100099.0
756,2,-100099.0
757,22,-5486.0
758,6,-4498.0
759,36,365770.7855103493
760,34,369181.29563883477
761,8,-100693.0
762,2,-100099.0
763,2,-100099.0
764,2,-100099.0
765,2,-4100.0
766,2,-100100.0
767,10,-100897.0
768,14,-101089.0
769,12,-5092.0
770,6,-4496.0
771,2,-100100.0
772,2,-4100.0
773,4,-4298.0
774,6,-200400.0
775,4,-4298.0
776,2,-100099.0
777,94,-98723.85449579445
778,2,-4100.0
779,2,-100099.0
780,2,-100100.0
781,6,-4597.0
782,2,-4100.0
783,10,-100894.0
784,4,-4399.0
785,2,-100099.0
786,4,-4298.0
787,8,-4694.0
788,2,-100100.0
789,6,-100497.0
790,8,-4694.0
791,80,168644.41523837528
792,2,-100099.0
793,88,-102168.88279214488
794,14,-5292.0
795,72,174270.1110274657
796,6,-4496.0
797,2,-4100.0
798,2,-4100.0
799,92,-103735.45274186328
800,98,-96405.72263293032
801,2,-100100.0
802,2,-100100.0
803,8,-4696.0
804,204,-2199.999999999999
805,12,-5094.0
806,2,-4100.0
807,2,-100099.0
808,2,-4100.0
809,18,-5290.0
810,4,-100297.0
811,2,-4100.0
812,10,-100896.0
813,4,-100297.0
814,4,-4298.0
815,2,-100099.0
816,6,-4597.0
817,34,-101507.32111730763
818,2,-100099.0
819,2,-100099.0
820,2,-4100.0
821,2,-4100.0
822,2,-4100.0
823,2,-4100.0
824,6,-4500.0
825,2,-100099.0
826,2,-4100.0
827,2,-100099.0
828,28,372998.5000646435
829,2,-100100.0
830,8,-4797.0
831,166,-95412.98704882691
832,4,-4298.0
833,4,-100297.0
834,14,-5389.0
835,10,-4993.0
836,10,-4898.0
837,14,-5393.0
838,174,-103045.53316888228
839,72,-102361.57276913442
840,4,-4399.0
841,56,-102348.19821800035
842,2,-100100.0
843,74,-96445.88856900723
844,42,363669.45846436004
845,24,188601.50115253477
846,4,-4300.0
847,46,354772.2136154331
848,64,-104015.66083641084
849,48,177971.2054090104
850,16,-5496.0
851,100,-186224.77107059577
852,4,-100298.0
853,74,-103631.03567123877
854,2,-4100.0
855,4,-4300.0
856,2,-100099.0
857,98,-105620.60019446029
858,8,-4696.0
859,12,-101095.0
860,58,173136.09039192655
861,20,-5490.0
862,4,-100299.0
863,2,-4100.0
864,4,-100298.0
865,204,-1099.9999999999964
866,14,-101293.0
867,128,274939.5312068573
868,2,-4100.0
869,2,-100100.0
870,2,-4100.0
871,180,-113247.54333928575
872,204,100.0
873,2,-200000.0
874,2,-4100.0
875,34,367703.55418501183
876,2,-4100.0
877,6,-100499.0
878,18,-5692.0
879,4,-100299.0
880,4,-4399.0
881,2,-4100.0
882,56,-7680.0
883,38,362017.0
884,12,-5094.0
885,10,-100897.0
886,4,-100300.0
887,8,-4698.0
888,14,-101292.0
889,10,-4997.0
890,4,-4399.0
891,204,-1500.000000000001
892,204,-700.0
893,10,-100894.0
894,180,-112984.6045049099
895,2,-100100.0
896,84,315183.6870282936
897,94,-92843.06895932728
898,2,-4100.0
899,8,-4696.0
900,4,-100299.0
901,2,-4100.0
902,40,362170.8805948155
903,4,-4399.0
904,24,-5659.346464922924
905,60,344088.92640263005
906,12,-5193.0
907,204,-1500.0
908,12,-101093.0
909,2,-4100.0
910,2,-4100.0
911,2,-4100.0
912,40,-6688.0
913,10,-4894.0
914,64,345875.9605064801
915,2,-4100.0
916,2,-4100.0
917,6,-100499.0
918,2,-100099.0
919,2,-4100.0
920,204,0.0
921,50,356154.42968147306
922,8,-4696.0
923,6,-4498.0
924,4,-100299.0
925,10,-100895.0
926,204,-499.99999999999955
927,4,-100300.0
928,6,-100497.0
929,122,-94390.7779984966
930,4,-100299.0
931,112,154478.84110834706
932,54,-7486.0
933,10,-4997.0
934,14,-101294.0
935,12,-101094.0
936,2,-100099.0
937,12,-100893.0
938,204,-100.00000000000014
939,2,-100100.0
940,6,-100497.0
941,2,-4100.0
942,2,-4100.0
943,10,-100895.0
944,2,-4100.0
945,28,-5890.0
946,8,-100697.0
947,6,-100498.0
948,8,-100696.0
949,2,-4100.0
950,22,-5892.0
951,14,-5294.0
952,16,-5494.0
953,8,-100698.0
954,14,-101290.0
955,6,-100498.0
956,204,500.0
957,204,800.0
958,10,-4896.0
959,76,325212.5701464808
960,2,-100100.0
961,34,-5464.267110671257
962,2,-4100.0
963,6,-100497.0
964,6,-4498.0
965,10,-100895.0
966,204,-900.0
967,6,-4498.0
968,2,-4100.0
969,8,-100696.0
970,18,-5494.0
971,204,200.0
972,204,599.9999999999848
973,204,-299.99999999999636
974,6,-100500.0
975,204,-99.99999999999727
976,180,229510.4278620507
977,4,-100299.0
978,10,-4896.0
979,204,-700.0000000000005
980,2,-4100.0
981,6,-4599.0
982,2,-100099.0
983,14,-101292.0
984,4,-4399.0
985,2,-4100.0
986,10,-4997.0
987,124,278576.9583870307
988,4,-4300.0
989,52,-7686.0
990,2,-100100.0
991,4,-100300.0
992,138,273173.91470566456
993,204,400.0
994,20,-5694.0
995,4,-4300.0
996,44,361949.63108532736
997,4,-4300.0
998,46,-7088.0
999,204,-399.99999999999636
1000,4,-4399.0
1001,4,-100299.0
1002,50,182405.87698778012
1003,4,-100298.0
1004,18,-101693.0
1005,2,-4100.0
1006,6,-4500.0
1007,204,600.0
1008,204,0.0
1009,204,400.0
1010,14,-5296.0
1011,204,100.00000000000182
1012,14,-5296.0
1013,130,268157.6332972155
1014,138,268546.3145696426
1015,204,700.0
1016,2,-100099.0
1017,204,-99.99999999998727
1018,8,-100697.0
1019,204,300.0
1020,76,163897.93248736174
1021,116,144383.75201480486
1022,42,-7088.0
1023,2,-4100.0
1024,114,151577.13092276372
1025,2,-4100.0
1026,8,-4698.0
1027,2,-4100.0
1028,4,-4298.0
1029,62,169446.79365605486
1030,20,-5692.0
1031,152,-97502.89949979205
1032,204,-800.0
1033,32,-6086.0
1034,50,183466.16343628982
1035,6,-4498.0
1036,2,-100099.0
1037,32,-5828.714553826596
1038,56,346466.2625513518
1039,44,357674.5001925287
1040,6,-4496.0
1041,14,-5393.0
1042,2,-100100.0
1043,142,-110614.67958279197
1044,6,-4599.0
1045,6,-4498.0
1046,6,-100498.0
1047,2,-4100.0
1048,2,-4100.0
1049,192,224628.65447069088
1050,6,-4496.0
1051,68,171840.13249825177
1052,120,-107305.35702020852
1053,30,372040.6528203798
1054,4,-4298.0
1055,2,-100099.0
1056,24,-5692.0
1057,4,-100299.0
1058,204,-1500.0
1059,46,360657.28623981413
1060,204,400.0
1061,34,184274.32462125833
1062,90,-3743.3114972862086
1063,204,400.0000000000018
1064,204,-500.0000000000073
1065,204,1300.0
1066,8,-100698.0
1067,82,169961.35358616384
1068,2,-100100.0
1069,2,-4100.0
1070,46,184097.24321964366
1071,22,-5490.0
1072,88,-98971.334295381
1073,204,-400.0
1074,2,-4100.0
1075,2,-4100.0
1076,10,-4894.0
1077,12,-5096.0
1078,28,374424.41567015904
1079,204,800.0
1080,204,1099.9999999999923
1081,6,-4498.0
1082,2,-4100.0
1083,16,-5494.0
1084,204,-500.0
1085,204,-200.0
1086,2,-4100.0
1087,82,317584.8644842251
1088,142,-2076.7292868802106
1089,176,-111122.43098444196
1090,18,-5492.0
1091,204,-799.9999999999964
1092,42,366000.31454016955
1093,146,-104920.67202902719
1094,80,-105881.0
1095,60,172470.12337344646
1096,58,181293.94262674975
1097,54,-8290.0
1098,166,-17880.0
1099,162,242532.59688893394
1100,66,337786.48961901537
1101,204,800.0000000000018
1102,2,-4100.0
1103,4,-4300.0
1104,2,-4100.0
1105,86,162068.8379352171
1106,4,-4300.0
1107,204,-1299.9999999999982
1108,2,-4100.0
1109,124,162740.85743178948
1110,4,-100299.0
1111,2,-100100.0
1112,152,-94972.86348861335
1113,2,-4100.0
1114,182,-115077.0
1115,28,-5892.0
1116,12,-101098.0
1117,204,-300.0000000000018
1118,204,-599.9999999999973
1119,204,300.0
1120,90,168026.7581531959
1121,120,-9766.178523254004
1122,2,-4100.0
1123,52,350791.22317233845
1124,2,-4100.0
1125,204,500.0
1126,8,-4698.0
1127,20,-5696.0
1128,8,-4799.0
1129,204,-199.99999999999545
1130,36,366686.46742142725
1131,42,366360.8391497804
1132,204,400.0
1133,188,221350.88572057005
1134,24,-102095.0
1135,194,108202.32057416864
1136,2,-4100.0
1137,204,800.0
1138,18,-5494.0
1139,52,355446.33823020564
1140,4,-4300.0
1141,8,-4696.0
1142,6,-4498.0
1143,6,-4498.0
1144,2,-4100.0
1145,16,-5494.0
1146,204,-899.9999999999964
1147,4,-4298.0
1148,116,155041.3037382538
1149,64,342548.1755939231
1150,204,-1400.000000000001
1151,64,-6344.385848559457
1152,2,-4100.0
1153,4,-4298.0
1154,2,-4100.0
1155,14,-5393.0
1156,2,-4100.0
1157,204,1100.000000000001
1158,78,-8498.038748375922
1159,4,-4298.0
1160,6,-4498.0
1161,24,-5793.0
1162,142,-13964.837323785203
1163,12,-5195.0
1164,40,364239.2756288353
1165,138,284581.7673068094
1166,6,-100498.0
1167,70,-8886.0
1168,204,500.0
1169,4,-4300.0
1170,98,151169.18099988723
1171,4,-4300.0
1172,4,-4300.0
1173,204,-400.00000000000546
1174,36,-1974.9995566289006
1175,18,-5696.0
1176,204,900.0
1177,124,-106064.49189019008
1178,2,-4100.0
1179,2,-4100.0
1180,8,-4698.0
1181,30,373106.979325554
1182,204,-100.00000000001091
1183,62,347072.0510835528
1184,2,-4100.0
1185,36,-5741.963840498449
1186,2,-4100.0
1187,122,151958.54571884192
1188,2,-4100.0
1189,32,369774.5915930711
1190,110,285321.55765687436
1191,124,176913.78635149123
1192,2,-4100.0
1193,54,181485.80083229675
1194,4,-100297.0
1195,2,-4100.0
1196,204,100.0
1197,204,-200.00000000000455
1198,4,-4300.0
1199,110,300286.0093749046
1200,204,99.99999999997817
1201,16,-5193.0
1202,148,261864.6274957037
1203,24,-5692.0
1204,4,-100299.0
1205,2,-4100.0
1206,4,-4298.0
1207,4,-4298.0
1208,30,374073.5205984862
1209,46,355643.0272148903
1210,10,-4896.0
1211,50,178467.22330069088
1212,34,-6088.0
1213,92,-6817.6294663464905
1214,196,-92849.70802686652
1215,204,-1199.9999999999995
1216,2,-4100.0
1217,4,-4298.0
1218,6,-4498.0
1219,48,-5702.0552161760315
1220,8,-100697.0
1221,18,-5292.0
1222,16,-5494.0
1223,8,-4700.0
1224,6,-4498.0
1225,6,-100500.0
1226,44,358056.75464323984
1227,204,300.0000000000018
1228,204,699.9999999999982
1229,10,-4896.0
1230,2,-4100.0
1231,40,362934.8801005167
1232,114,135724.0
1233,164,-112926.9294660783
1234,78,330497.9262152776
1235,142,-107398.38615666129
1236,190,-6558.200260362475
1237,52,187273.40300995324
1238,2,-4100.0
1239,10,-4993.0
1240,12,-5094.0
1241,32,369585.0001283538
1242,52,179550.66531154292
1243,64,8783.061625928462
1244,2,-4100.0
1245,20,-5492.0
1246,24,-5690.0
1247,74,161165.43384233405
1248,42,361342.1445296295
1249,92,-92684.67568907607
1250,2,-4100.0
1251,204,500.0
1252,170,12862.682086744531
1253,20,-5090.0
1254,36,367896.47929405444
1255,40,366087.41742654657
1256,12,-5096.0
1257,86,-96203.72040597655
1258,52,350726.1220166737
1259,204,200.0
1260,10,-4896.0
1261,46,184763.57845381933
1262,56,-6965.42910765377
1263,22,-5694.0
1264,20,-5694.0
1265,2,-4100.0
1266,18,-5494.0
1267,204,-100.0
1268,100,-9924.53244721112
1269,2,-4100.0
1270,38,362807.9281692597
1271,72,177382.6184759128
1272,68,-8684.0
1273,204,-400.0
1274,204,1000.0000000000018
1275,44,359299.90739867085
1276,72,331251.21412884264
1277,204,400.0
1278,16,-5494.0
1279,4,-4298.0
1280,72,-5317.342973926984
1281,10,-4896.0
1282,4,-4399.0
1283,14,-5294.0
1284,204,-700.0
1285,10,-4894.0
1286,204,-900.0000000000018
1287,4,-4300.0
1288,44,-6890.0
1289,8,-4696.0
1290,2,-4100.0
1291,70,332570.89827867545
1292,2,-4100.0
1293,74,177692.47378581014
1294,10,-4997.0
1295,204,100.0
1296,30,184545.6535350771
1297,4,-4300.0
1298,54,349714.95693895326
1299,170,109182.24852290464
1300,10,-4896.0
1301,204,-400.0
1302,204,800.0
1303,4,-4300.0
1304,116,141529.4134977338
1305,4,-4298.0
1306,36,364329.393436415
1307,150,-106679.06476267235
1308,122,-101902.43797723997
1309,90,-6761.6453186335475
1310,62,178618.05919968372
1311,10,-4896.0
1312,72,-1453.17881787854
1313,28,373397.5001220214
1314,46,358392.9880116758
1315,86,-102236.23363338473
1316,158,-110066.92083552279
1317,42,363546.5380052833
1318,12,-5094.0
1319,20,-5595.0
1320,4,-4298.0
1321,60,177544.75555600598
1322,40,367210.7343616389
1323,16,-5494.0
1324,26,-5690.0
1325,40,362452.3265381561
1326,32,183315.0
1327,54,346465.66012410994
1328,134,-102161.42592287867
1329,2,-4100.0
1330,150,-102304.9046441069
1331,16,-5494.0
1332,30,-4765.428851796604
1333,66,-104388.07181772878
1334,56,176096.92294532867
1335,38,368415.5721938015
1336,16,-5292.0
1337,40,182976.26468859529
1338,40,182834.8232891407
1339,56,173417.5821671924
1340,20,-5290.0
1341,52,358017.6014183354
1342,80,168806.2706831988
1343,10,-4896.0
1344,4,-4300.0
1345,130,-105585.63268734097
1346,10,-4896.0
1347,48,-6420.679582791974
1348,44,362855.54612607526
1349,50,-5415.392948152217
1350,2,-4100.0
1351,40,363887.65812501026
1352,30,-5991.0
1353,6,-4498.0
1354,116,-105792.50735361181
1355,26,-5490.0
1356,2,-4100.0
1357,18,-5492.0
1358,58,-6680.0
1359,28,372340.64273599355
1360,204,400.0
1361,204,-100.00000000000546
1362,2,-4100.0
1363,40,184071.37797112542
1364,12,-5092.0
1365,4,-4298.0
1366,24,-5086.0
1367,58,5964.014508807268
1368,2,-4100.0
1369,4,-4300.0
1370,38,-6690.0
1371,204,500.0
1372,180,-113425.6327802669
1373,20,-5696.0
1374,50,358441.7615751569
1375,52,-4228.358897844471
1376,32,372966.6191219848
1377,4,-4298.0
1378,2,-4100.0
1379,36,-4448.0248462367035
1380,8,-4696.0
1381,28,372012.0
1382,204,1500.0
1383,52,173533.92349049074
1384,8,-4698.0
1385,204,500.00000000000364
1386,76,172241.4258288331
1387,2,-4100.0
1388,2,-4100.0
1389,42,180099.92308042763
1390,16,-5494.0
1391,204,100.00000000000273
1392,2,-4100.0
1393,204,500.0
1394,46,188846.02725432266
1395,6,-4498.0
1396,6,-4498.0
1397,204,700.0
1398,8,-4799.0
1399,204,-300.0000000000059
1400,4,-4298.0
1401,204,900.0
1402,62,185160.18306971106
1403,8,-4698.0
1404,34,-6290.0
1405,86,-8530.855906960162
1406,8,-4696.0
1407,4,-4300.0
1408,2,-4100.0
1409,128,-6885.724297376429
1410,2,-4100.0
1411,4,-4300.0
1412,70,338395.7376066483
1413,4,-4300.0
1414,24,-5290.0
1415,4,-4399.0
1416,6,-4498.0
1417,28,-5890.0
1418,30,372795.7019697036
1419,42,180068.8855584457
1420,146,133010.21046400972
1421,204,-400.0
1422,30,372067.5487068209
1423,14,-5294.0
1424,6,-4599.0
1425,26,376644.6547093777
1426,204,-1699.9999999999982
1427,24,376841.6718016489
1428,12,-5096.0
1429,12,-5096.0
1430,204,-300.0000000000018
1431,114,-94630.13170692949
1432,8,-4698.0
1433,2,-4100.0
1434,46,183015.6212067366
1435,6,-4498.0
1436,204,-3.637978807091713e-12
1437,78,331415.8952472315
1438,4,-4298.0
1439,20,-5290.0
1440,20,-5492.0
1441,136,-110242.33979139599
1442,38,362329.393436415
1443,28,373130.4122819328
1444,134,-74171.65304255362
1445,4,-4298.0
1446,120,-99790.13598207092
1447,82,-100939.02650570938
1448,28,374406.63137724274
1449,94,319987.30018476705
1450,18,-5696.0
1451,38,363105.21648165403
1452,40,182253.6004410346
1453,96,-106758.57773484045
1454,4,-4298.0
1455,4,-4399.0
1456,52,173759.04625602227
1457,56,182979.57229036393
1458,204,1599.999999999991
1459,6,-4498.0
1460,32,371106.97923018347
1461,6,-4498.0
1462,86,19869.083135421235
1463,176,-99766.7950306607
1464,114,-104707.22327597627
1465,46,362453.6335807478
1466,42,361420.32666650985
1467,170,-113468.39009483847
1468,8,-4696.0
1469,204,-99.99999999999272
1470,204,300.0000000000073
1471,204,-500.0
1472,44,359140.9083838569
1473,48,353452.3967781639
1474,62,179886.75792225738
1475,204,1100.0
1476,198,-114678.43573284468
1477,40,360394.8563515309
1478,10,-4896.0
1479,204,500.0
1480,98,160586.82431631422
1481,42,361123.60547125933
1482,176,-13600.515223457112
1483,40,-5026.426254340024
1484,204,-200.00000000000364
1485,14,-5298.0
1486,76,331187.4291319031
1487,14,-5296.0
1488,62,348963.53368976514
1489,68,-6186.317775835368
1490,204,400.0
1491,204,400.00000000000455
1492,204,-599.9999999999991
1493,106,9253.684252657338
1494,8,-4696.0
1495,32,-6092.0
1496,56,178551.2013961318
1497,204,-300.0
1498,28,372700.9821295213
1499,204,-700.0000000000146
1500,4,-4300.0
1501,14,-5294.0
1502,64,182234.87634457616
1503,98,306581.5581956715
1504,46,355730.7856387018
1505,58,342078.27267753443
1506,204,-499.9999999999982
1507,204,100.0
1508,48,360103.2956132318
1509,204,100.0
1510,4,-4298.0
1511,166,136448.92803187086
1512,124,284401.0480766896
1513,204,-600.0
1514,34,-6692.0
1515,24,-5894.0
1516,128,146135.4936584322
1517,28,373075.32650517416
1518,204,200.0
1519,40,361942.6709404426
1520,64,-4321.225830246214
1521,204,400.0
1522,204,-600.0
1523,28,-6092.0
1524,10,-4898.0
1525,204,-599.9999999999982
1526,6,-4498.0
1527,40,-6628.714553826885
1528,12,-5096.0
1529,44,356687.7953327811
1530,104,294930.1520095656
1531,48,355281.911479251
1532,204,400.0
1533,204,399.99999999999636
1534,8,-4698.0
1535,54,348069.87157274224
1536,4,-4298.0
1537,204,0.0
1538,50,355051.77515349974
1539,204,-600.0000000000009
1540,2,-4100.0
1541,204,499.9999999999982
1542,44,356333.0033417489
1543,30,374616.75496314734
1544,4,-4300.0
1545,204,-100.0
1546,204,-700.0
1547,204,600.0
1548,170,224663.77954033812
1549,204,600.0
1550,50,353689.8980657232
1551,204,100.0
1552,66,165868.64606466307
1553,54,352365.7783772463
1554,204,-99.99999999999909
1555,204,800.0000000000018
1556,2,-4100.0
1557,204,-300.0
1558,2,-4100.0
1559,32,370055.0462773045
1560,2,-4100.0
1561,4,-4300.0
1562,204,-600.0
1563,2,-4100.0
1564,204,600.0000000000036
1565,4,-4298.0
1566,8,-4696.0
1567,204,500.00000000001637
1568,8,-4698.0
1569,204,-700.0000000000018
1570,204,-600.0000000000018
1571,46,352638.6776964618
1572,204,500.0
1573,204,-200.00000000000182
1574,2,-4100.0
1575,68,183343.86464938446
1576,18,-5494.0
1577,204,-800.0
1578,8,-4698.0
1579,204,-199.99999999999864
1580,72,-9890.0
1581,204,600.0
1582,204,99.99999999999818
1583,204,-500.0
1584,182,-82348.29298757084
1585,204,-400.0
1586,204,599.9999999999891
1587,204,-400.0
1588,8,-4698.0
1589,28,-6496.0
1590,64,-9696.0
1591,2,-4100.0
1592,4,-4300.0
1593,204,-200.0
1594,204,200.0
1595,204,400.0
1596,24,-6098.0
1597,204,-300.0
1598,204,200.0
1599,204,100.00000000000364
1600,204,-100.0
1601,148,247552.49631059985
1602,204,100.0
1603,8,-4698.0
1604,2,-4100.0
1605,204,0.0
1606,204,500.0
1607,204,200.0
1608,204,-199.99999999997453
1609,204,500.0
1610,10,-4900.0
1611,204,400.0
1612,8,-4700.0
1613,204,-200.0
1614,204,-600.0000000000036
1615,2,-4100.0
1616,42,-7696.0
1617,204,100.0
1618,204,400.0
1619,148,-18094.0
1620,204,99.99999999999909
1621,204,100.0
1622,204,100.0
1623,204,-300.0
1624,2,-4100.0
1625,26,-6296.0
1626,204,300.0
1627,182,-21090.0
1628,204,100.0
1629,204,100.0
1630,204,100.0
1631,2,-4100.0
1632,6,-4500.0
1633,204,200.00000000000182
1634,14,-5296.0
1635,204,500.0
1636,2,-4100.0
1637,102,151339.3226091354
1638,204,3.637978807091713e-12
1639,204,0.0
1640,204,100.0
1641,64,-9294.0
1642,2,-4100.0
1643,204,100.0
1644,176,-20090.0
1645,94,151225.71907079316
1646,204,100.0
1647,26,-6294.0
1648,4,-4300.0
1649,4,-4300.0
1650,6,-4498.0
1651,204,100.0
1652,204,-199.99999999998727
1653,204,200.0
1654,204,399.99999999999454
1655,204,500.0
1656,94,151022.71907079316
1657,204,200.0
1658,204,0.0
1659,204,200.0
1660,204,100.0
1661,204,100.00000000000182
1662,56,-9296.0
1663,204,0.0
1664,204,200.0
1665,204,0.0
1666,204,0.0
1667,204,200.00000000000364
1668,204,-100.0
1669,204,300.0
1670,204,-100.0
1671,204,200.0
1672,204,99.99999999996362
1673,204,100.0
1674,204,300.0
1675,16,-5498.0
1676,204,200.0
1677,4,-4300.0
1678,8,-4700.0
1679,18,-5696.0
1680,204,299.9999999999982
1681,80,319794.9231119943
1682,4,-4300.0
1683,204,100.0
1684,204,0.0
1685,18,-5698.0
1686,204,-100.0
1687,204,100.0
1688,204,-99.99999999999818
1689,204,100.0
1690,6,-4500.0
1691,2,-4100.0
1692,32,-6696.0
1693,204,300.0
1694,4,-4300.0
1695,204,-200.0
1696,204,-100.0
1697,204,-200.0
1698,194,-22092.0
1699,10,-4898.0
1700,204,100.0
1701,204,200.0
1702,204,300.0
1703,204,-199.99999999999818
1704,204,-199.99999999999545
1705,14,-5300.0
1706,204,400.0
1707,204,-300.0
1708,204,200.0
1709,18,-5700.0
1710,204,200.0
1711,204,100.0
1712,204,0.0
1713,26,-6498.0
1714,204,-200.0
1715,204,200.0
1716,204,599.9999999999964
1717,204,500.0
1718,204,400.0
1719,6,-4500.0
1720,204,200.0
1721,154,-12436.647665216951
1722,22,-5898.0
1723,154,253953.5657638293
1724,204,200.0
1725,204,499.99999999998545
1726,18,-5698.0
1727,6,-100499.0
1728,204,400.0
1729,204,200.0
1730,204,-200.0
1731,204,200.0
1732,188,215654.9244399326
1733,204,-100.00000000000728
1734,204,0.0
1735,204,500.0
1736,204,-199.99999999999272
1737,204,200.00000000000546
1738,204,-400.0
1739,204,100.0
1740,8,-4698.0
1741,204,100.0
1742,204,-100.0
1743,204,200.0
1744,122,286218.8719805915
1745,78,-10894.0
1746,204,200.0
1747,58,345889.49107405014
1748,2,-4100.0
1749,204,-100.0
1750,6,-4500.0
1751,8,-4700.0
1752,204,400.0
1753,204,300.0
1754,44,355269.42959591653
1755,32,-6494.0
1756,6,-4500.0
1757,204,0.0
1758,48,356151.97409688256
1759,204,-100.0
1760,48,361459.16676848213
1761,30,-6094.0
1762,204,-300.0
1763,2,-4100.0
1764,16,-5496.0
1765,204,100.0
1766,204,-900.0
1767,204,200.0
1768,4,-4300.0
1769,110,152986.3040993225
1770,204,99.99999999999818
1771,204,200.0
1772,204,500.0
1773,204,300.0
1774,48,350121.42226515955
1775,204,99.99999999998818
1776,204,200.0
1777,6,-4500.0
1778,4,-4300.0
1779,204,200.0
1780,66,333318.7890989786
1781,204,-299.99999999999636
1782,204,-200.0
1783,12,-5100.0
1784,204,400.0
1785,204,0.0
1786,112,146980.8172945475
1787,204,600.0
1788,204,-100.0
1789,204,100.0
1790,204,-99.99999999999818
1791,204,0.0
1792,204,500.0
1793,66,337747.2248436663
1794,2,-4100.0
1795,204,500.0
1796,204,400.0
1797,144,253185.71894595597
1798,82,324488.2983067227
1799,98,310915.25797548547
1800,104,154455.76218512465
1801,204,0.0
1802,138,130871.15220616403
1803,68,164894.24953501037
1804,204,700.0
1805,2,-4100.0
1806,204,200.0
1807,4,-4298.0
1808,114,158496.539360874
1809,204,200.0
1810,106,165875.54625218094
1811,6,-4500.0
1812,82,320334.533826254
1813,16,-5498.0
1814,204,700.0
1815,204,400.0
1816,204,-300.0
1817,84,329100.1005641494
1818,204,-500.0
1819,88,168169.8598474842
1820,204,299.9999999999927
1821,44,356467.9282976121
1822,204,400.0
1823,204,-700.0
1824,204,100.0
1825,204,-400.0000000000018
1826,46,353733.74105744617
1827,136,282205.430800485
1828,204,-100.0
1829,150,262087.50906938995
1830,204,300.0
1831,82,321329.92820200487
1832,204,200.0
1833,204,400.0
1834,54,348531.4694537713
1835,54,349853.3061274776
1836,204,400.0
1837,204,200.0
1838,168,230500.57191916587
1839,204,-500.0
1840,70,343028.9354406647
1841,204,-100.0
1842,204,299.99999999999363
1843,62,342734.75515664933
1844,56,354453.7343677142
1845,98,299123.5091581266
1846,204,-100.0
1847,204,-8.185452315956354e-12
1848,204,-300.0000000000018
1849,40,362466.15385642677
1850,204,0.0
1851,204,100.00000000000182
1852,114,164399.64318258147
1853,204,-400.0
1854,204,600.0
1855,88,323251.18159322767
1856,204,100.0
1857,4,-4300.0
1858,66,333406.35540012526
1859,204,-200.0
1860,112,151407.03176179065
1861,168,250258.6544448396
1862,204,-100.00000000000364
1863,204,-199.9999999999809
1864,204,700.0
1865,204,200.0
1866,204,-299.99999999998727
1867,46,359763.71569298045
1868,204,-400.0
1869,204,-99.99999999999727
1870,204,-300.0
1871,204,400.0
1872,70,-9692.0
1873,38,364485.8331503047
1874,42,357209.0
1875,38,362609.6428514393
1876,180,-98661.94309285263
1877,204,-199.9999999999909
1878,130,-102452.6526118052
1879,82,-106853.33979139577
1880,62,339035.149930398
1881,38,364561.46956873307
1882,204,-100.0
1883,204,-99.99999999998772
1884,204,-400.0
1885,62,342277.53946954187
1886,30,185954.0941992391
1887,60,343736.6805143678
1888,2,-4100.0
1889,192,-108722.82983420967
1890,204,299.99999999999636
1891,12,-5098.0
1892,204,699.9999999999964
1893,2,-4100.0
1894,52,353228.18623403
1895,32,370825.4896917556
1896,66,337489.98292841465
1897,204,300.00000000001273
1898,156,235715.72143327442
1899,204,200.0
1900,30,371760.03408048104
1901,122,-108136.57163821164
1902,38,364231.5812447238
1903,204,300.0
1904,204,-200.0
1905,42,366853.94087277376
1906,42,362194.44682126853
1907,6,-4500.0
1908,106,163539.3049201501
1909,204,100.0
1910,154,-108296.91951061663
1911,62,168400.69298508688
1912,46,354745.0807789542
1913,204,-399.9999999999918
1914,204,-899.9999999999982
1915,36,365389.4692099747
1916,142,286397.189591131
1917,54,349005.0848454549
1918,204,-500.0000000000018
1919,22,380500.5665833473
1920,150,-108334.52759529358
1921,204,-300.0
1922,204,-900.0
1923,148,-106798.3192018046
1924,44,364472.8299854081
1925,204,200.0
1926,56,347688.70719714777
1927,204,100.0
1928,44,361860.39886690123
1929,204,-500.0
1930,46,353784.96718207496
1931,112,153369.15928882707
1932,204,400.0
1933,204,-200.0
1934,204,-600.0000000000036
1935,26,377792.11148572835
1936,204,300.0
1937,8,-4696.0
1938,106,-106095.82452699613
1939,54,179530.45877970295
1940,204,0.0
1941,124,-106526.64825461328
1942,66,-102489.78107916392
1943,178,-91819.62509519543
1944,6,-4498.0
1945,82,-101296.51639722208
1946,8,-4696.0
1947,86,-105196.40500269821
1948,70,-103032.45551316238
1949,54,349977.26050095976
1950,50,352030.4699079154
1951,62,337991.30079317995
1952,94,323416.10392730264
1953,146,-106031.27141974324
1954,6,-4498.0
1955,82,-104786.44306045028
1956,64,337362.66817262454
1957,204,-599.9999999999973
1958,204,-500.0
1959,204,-500.0000000000018
1960,44,365552.5775808066
1961,42,361609.5004492349
1962,136,292090.9157266436
1963,204,-600.0
1964,156,-103067.85386132341
1965,204,300.0
1966,204,-400.0
1967,204,-700.0000000000036
1968,50,355228.47229765775
1969,204,0.0
1970,204,-500.0
1971,76,327029.3978571594
1972,204,100.0
1973,190,-103858.46552565569
1974,204,-700.0
1975,56,179501.35574859238
1976,204,-400.0
1977,204,-400.0
1978,204,-100.0
1979,54,-99099.37477168343
1980,204,-100.0
1981,204,-200.0
1982,204,-599.9999999999964
1983,204,100.0
1984,196,-111569.4632629124
1985,204,-199.99999999999227
1986,204,-99.99999999999613
1987,204,100.0
1988,204,100.0
1989,66,336934.1123052103
1990,64,333293.5000641762
1991,204,-300.0
1992,204,-300.0
1993,204,100.0
1994,204,300.0
1995,36,367156.05443585425
1996,204,-200.0
1997,54,348730.2520410087
1998,44,357150.0002567049
1999,204,200.0
2000,204,200.00000000000364
2001,204,0.0
2002,204,100.0
2003,204,-300.0
2004,204,100.0
2005,204,100.0
2006,76,326754.6608992233
2007,138,268478.0767795081
2008,204,-299.9999999999891
2009,120,150058.85678779133
2010,204,99.99999999999909
2011,204,-500.0
2012,110,149883.55518425946
2013,204,-300.0
2014,4,-4298.0
2015,38,364897.3632946729
2016,204,-200.0
2017,66,340857.2121637718
2018,38,371662.66290958
2019,46,355434.50032088114
2020,204,300.0
2021,8,-4698.0
2022,204,-99.99999999998818
2023,204,-300.0
2024,24,379397.1303126564
2025,204,-500.00000000000364
2026,8,-4799.0
2027,204,-200.0
2028,204,-400.0
2029,204,-300.0
2030,204,700.0
2031,204,3.637978807091713e-12
2032,2,-4100.0
2033,204,-400.0
2034,190,222461.8512458139
2035,204,300.0
2036,204,0.0
2037,204,-100.0
2038,204,100.0
2039,38,363493.1429157195
2040,204,-200.0
2041,52,352657.5050907939
2042,204,0.0
2043,100,302512.42665331793
2044,204,-200.00000000000364
2045,62,346329.26868987083
2046,204,-600.0000000000018
2047,42,360041.93925096636
2048,50,350331.37047309015
2049,204,200.0
2050,64,348926.25382861187
2051,204,299.9999999999991
2052,204,600.0
2053,204,-400.0
2054,24,377732.8804365214
2055,204,0.0
2056,204,-400.0
2057,204,-100.00000000000728
2058,204,0.0
2059,112,149221.71172283415
2060,204,-300.0000000000018
2061,52,349418.7138079615
2062,204,300.0
2063,204,400.0
2064,52,356322.2616393331
2065,204,300.0
2066,204,-200.0
2067,76,320902.9281692597
2068,204,-100.0
2069,34,368001.2503861368
2070,50,359842.1587174429
2071,42,361774.4122808782
2072,204,700.0
2073,204,300.0
2074,48,358829.26829010725
2075,204,-399.99999999999
2076,40,363761.244633476
2077,40,366831.34626459045
2078,28,372837.80472006876
2079,178,229058.98483744662
2080,42,363335.2836482297
2081,204,-299.99999999999636
2082,204,200.0
2083,204,-299.99999999999636
2084,204,500.0
2085,24,377503.10172299336
2086,4,-4300.0
2087,204,-100.0
2088,44,363340.0890949156
2089,68,334222.9030828044
2090,102,297539.2009905492
2091,44,356810.642851439
2092,204,-400.0
2093,204,400.0
2094,92,316004.0892967406
2095,204,-599.9999999999964
2096,42,362775.63095697487
2097,204,200.00000000000728
2098,4,-4300.0
2099,204,300.0
2100,138,261986.5430514559
2101,204,-400.0
2102,12,-5098.0
2103,52,351123.27932362224
2104,30,371937.65291574824
2105,204,100.00000000003365
2106,68,332502.32453301543
2107,42,363401.9584588218
2108,204,-200.0
2109,204,400.0
2110,30,373630.28699039767
2111,58,344666.90752702305
2112,40,364007.62315641454
2113,8,-4698.0
2114,66,338009.5802365899
2115,50,355928.3270520345
2116,28,372237.65353507706
2117,204,-100.0
2118,204,-99.99999999999454
2119,204,200.00000000000364
2120,204,-699.9999999999982
2121,204,600.0000000000018
2122,44,364460.36165194726
2123,38,366731.96837158786
2124,60,344802.04235578835
2125,72,-101871.63603993351
2126,204,99.99999999999818
2127,6,-4500.0
2128,204,-100.0
2129,110,150405.25694271462
2130,50,353137.85353563115
2131,52,349626.46880744974
2132,204,500.0
2133,204,400.0
2134,52,349508.01994042995
2135,204,-200.00000000001546
2136,204,99.99999999999818
2137,38,363415.94762142684
2138,46,359060.3807065183
2139,38,367577.6607664902
2140,102,303626.6925482119
2141,60,347830.6104172228
2142,204,-300.0
2143,204,300.0
2144,60,349807.5838377478
2145,204,100.0
2146,204,100.00000000000182
2147,204,-400.0
2148,204,300.0
2149,204,-200.0
2150,104,315573.1463019905
2151,204,100.0
2152,204,-200.0
2153,84,314291.8664350401
2154,204,200.00000000000364
2155,204,400.0
2156,204,700.0
2157,204,200.0
2158,132,274761.39885892643
2159,26,375557.5893291681
2160,198,-112814.92623067307
2161,54,356390.0732251222
2162,66,342209.44440728135
2163,36,366416.69698518293
2164,24,377473.3282042035
2165,204,-100.000000000015
2166,118,-109221.49526107653
2167,156,-110706.64061553367
2168,50,-100024.61437423788
2169,114,-104698.20412351674
2170,204,500.0
2171,102,-107218.24877695636
2172,22,378407.0
2173,40,362941.29568395455
2174,148,-111930.18187444973
2175,24,378738.6621339777
2176,158,-110009.17528885181
2177,40,363299.9483752081
2178,24,-6298.0
2179,160,-110843.26823814811
2180,124,269508.952530284
2181,204,-400.0
2182,158,-108269.94039948679
2183,36,368936.6320497907
2184,116,-108525.44593521646
2185,28,372207.0
2186,62,340218.0065247745
2187,156,-111607.16687097537
2188,104,-99764.62014950521
2189,42,365330.82623692823
2190,204,-2.091837814077735e-11
2191,204,100.0
2192,204,-400.00000000000364
2193,40,362027.15288378566
2194,102,-100500.23032253921
2195,204,300.0
2196,86,327851.4504604188
2197,204,-600.0000000000018
2198,68,344429.65592674655
2199,204,-200.0
2200,26,377591.24024427234
2201,204,199.99999999999818
2202,204,200.0
2203,204,200.0
2204,204,100.00000000000182
2205,104,290180.00012835243
2206,38,368287.6947074343
2207,44,358949.76473976055
2208,62,336380.00012835243
2209,24,376407.0
2210,204,200.0
2211,34,366933.611868988
2212,60,347877.75668682554
2213,34,366874.32640980365
2214,204,-200.0
2215,204,-100.00000000000364
2216,204,0.0
2217,204,600.0000000000036
2218,204,0.0
2219,112,151251.52800439025
2220,6,-4500.0
2221,204,400.0
2222,204,-400.0000000000018
2223,204,-499.99999999999636
2224,204,0.0
2225,50,355064.38240125414
2226,204,-200.0
2227,204,-200.0
2228,120,288452.45719338313
2229,94,312687.40905525035
2230,204,400.0
2231,204,400.0
2232,66,342247.60354557104
2233,204,-599.9999999999982
2234,204,-400.0
2235,152,250511.88979510166
2236,204,300.00000000000364
2237,204,200.0
2238,204,-1.8189894035458565e-12
2239,204,-200.0
2240,204,-200.0
2241,52,356682.113123536
2242,204,-100.00000000005821
2243,204,1.000444171950221e-11
2244,204,400.0
2245,204,299.99999999999
2246,204,3.637978807091713e-12
2247,54,354298.5344873207
2248,204,-99.99999999999636
2249,204,-100.0
2250,204,300.0
2251,68,344794.9220160399
2252,204,200.0
2253,204,500.0
2254,204,100.00000000000364
2255,204,0.0
2256,204,-500.0
2257,204,300.0
2258,204,-200.0
2259,68,338526.5549551266
2260,204,100.0
2261,204,400.0
2262,204,-199.99999999999818
2263,204,-400.0
2264,204,200.0
2265,42,360665.85510494246
2266,44,358852.3975076901
2267,204,-99.99999999999818
2268,136,264606.5880518018
2269,204,-500.0
2270,204,100.0
2271,204,-200.0
2272,42,359446.6124689304
2273,46,358522.76488112396
2274,42,359727.05570370186
2275,204,400.0
2276,22,378609.0
2277,32,369499.55418501183
2278,204,-400.0
2279,28,373839.38780576654
2280,204,399.9999999999982
2281,36,369184.1004485942
2282,36,367998.8892095798
2283,42,363401.9584588218
2284,182,220630.23203038142
2285,124,-110684.0
2286,204,200.0
2287,28,374654.04803009547
2288,176,-112931.53067447686
2289,204,-400.0
2290,204,-300.0000000000018
2291,142,-110729.33031353696
2292,204,400.0
2293,204,-200.0
2294,204,500.0
2295,204,400.0
2296,46,361118.67631227826
2297,204,600.0000000000036
2298,204,0.0
2299,204,-700.0000000000018
2300,42,360002.97922941094
2301,204,1.000444171950221e-11
2302,112,151988.72772803134
2303,204,-500.0
2304,82,324553.192267296
2305,204,299.9999999999982
2306,34,366269.4882711358
2307,204,200.0
2308,204,-100.0
2309,62,344603.24416169984
2310,204,100.0
2311,140,-17296.0
2312,204,199.99999999999818
2313,44,358486.4383299569
2314,40,359894.5784288287
2315,24,377293.5046252689
2316,34,370025.8495815922
2317,204,-300.0
2318,52,356908.66552761843
2319,204,-600.0
2320,50,352765.74718290655
2321,204,-100.000000000005
2322,204,-800.0
2323,78,325942.3477867064
2324,22,379293.73624783993
2325,204,0.0
2326,204,100.0
2327,204,-900.0
2328,50,355854.66225699073
2329,204,-400.0
2330,38,365448.02323596604
2331,160,-97450.26844032141
2332,22,378608.0
2333,54,347015.79757864814
2334,140,-110606.99005718064
2335,116,-107010.89342391677
2336,42,363526.80589005694
2337,50,349579.00012835243
2338,204,500.0
2339,204,200.0
2340,204,-100.0
2341,46,356986.3816242795
2342,204,-299.9999999999982
2343,204,-700.0
2344,204,300.0
2345,40,361727.470152708
2346,34,366671.32640980365
2347,68,350494.6563464397
2348,204,0.0
2349,32,369179.000128821
2350,204,400.0
2351,112,153085.05852794985
2352,76,329926.8306811842
2353,30,371937.65291574824
2354,96,302420.4782910168
2355,204,-400.0000000000018
2356,204,-500.0
2357,82,317089.46832284855
2358,72,330663.05787713954
2359,38,367465.17949799047
2360,28,374932.6822947496
2361,204,-600.0000000000018
2362,186,240597.2920484293
2363,204,800.0
2364,204,-100.0
2365,40,361138.6528196073
2366,204,0.0
2367,204,0.0
2368,204,0.0
2369,24,377502.18501373613
2370,40,361369.2955426941
2371,68,338463.4134593315
2372,204,100.0
2373,204,-200.00000000000182
2374,22,378608.0
2375,204,-100.0
2376,34,369795.1541588069
2377,42,367301.74699103483
2378,204,200.0
2379,114,158706.51087851624
2380,42,359540.71190407313
2381,204,-99.99999999999636
2382,52,356544.72445961233
2383,38,369732.64021475485
2384,38,364471.5543133656
2385,204,-100.0
2386,204,300.0
2387,110,157175.83332595072
2388,32,370918.3904925572
2389,204,200.0
2390,204,-400.0000000000018
2391,72,326358.4841907204
2392,32,369075.45561132877
2393,204,-799.9999999999982
2394,32,371869.82251573657
2395,26,374724.3951143472
2396,204,-400.0
2397,204,-599.9999999999982
2398,204,-599.9999999999982
2399,204,-499.99999999999545
2400,134,-108774.62731289191
2401,204,200.0
2402,30,371270.7476339729
2403,204,-300.0
2404,36,365019.3625694095
2405,42,363222.1321710417
2406,130,-111053.74050261645
2407,148,-99877.29780673637
2408,24,376894.73624783993
2409,70,-105285.05399587177
2410,184,-115995.01937418774
2411,80,-105618.67359019637
2412,32,368009.0
2413,50,-104084.0
2414,44,-100156.12127169875
2415,70,-104301.03874837593
2416,94,-107167.60488565276
2417,38,-102685.0
2418,20,381873.71581083373
2419,60,-97097.72785184885
2420,52,-103161.4278341838
2421,28,372610.0
2422,50,-104084.0
2423,56,-103333.16886955687
2424,50,-104084.0
2425,78,-102796.09134076432
2426,40,-101418.4151625256
2427,54,-98605.764164841
2428,24,378098.9084344222
2429,42,-103283.0
2430,42,-101302.14031354494
2431,34,-102285.0
2432,72,-104736.17951861574
2433,24,376809.0
2434,46,356063.6325660717
2435,116,-109884.0
2436,50,-102417.33984796423
2437,40,-101337.68870618037
2438,54,-102152.34717962018
2439,48,-103885.0
2440,64,-103331.1602115756
2441,24,376408.0
2442,42,-103053.02577696202
2443,42,-101712.9942221963
2444,44,-102423.67856273432
2445,44,-102453.15546968054
2446,48,-104085.0
2447,38,366766.92179722636
2448,52,-103249.75983471202
2449,78,-106285.0
2450,62,-103900.13283647859
2451,30,371939.9112931332
2452,104,-100548.37264027476
2453,40,363247.429544224
2454,106,-100885.24586934957
2455,60,-102846.43262171696
2456,118,-107844.80541507641
2457,204,-700.0
2458,126,-105052.77786481546
2459,110,-98847.92784048221
2460,146,282729.31152839
2461,28,372694.6493537491
2462,28,373208.69238298124
2463,42,359596.8830220999
2464,204,400.0
2465,192,-117308.17696766846
2466,66,-103113.10637058775
2467,158,-112418.25794543924
2468,204,-400.0
2469,174,-115569.57773484045
2470,114,152766.39241875426
2471,78,-105394.78328823595
2472,66,-100829.84677775808
2473,136,-111678.65955054498
2474,162,-98501.24082493772
2475,44,-103686.0
2476,76,-106087.0
2477,46,360994.8265883331
2478,194,-117288.0
2479,78,-104580.51879586121
2480,102,-108687.0
2481,50,-102848.20819812063
2482,96,-102500.11767449112
2483,48,-102823.46068862565
2484,52,-104488.0
2485,74,-106022.91529610085
2486,132,-105167.71830740328
2487,84,-106561.90888376631
2488,108,-109201.45147984404
2489,72,-104394.17833014911
2490,76,-104623.67581502945
2491,30,373205.36690446193
2492,80,-105564.35916558396
2493,204,500.0
2494,110,147318.95766139188
2495,204,-100.00000000000182
2496,204,-200.0
2497,204,200.0
2498,204,-299.9999999999982
2499,204,-400.0
2500,160,-114561.57613251168
2501,204,-99.99999999999818
2502,50,356088.47538496053
2503,58,354491.44436688646
2504,204,-300.00000000002
2505,204,-300.0
2506,204,-299.99999999999864
2507,204,300.0
2508,34,368286.52732140524
2509,204,-700.0
2510,204,-100.0
2511,204,-599.9999999999955
2512,110,150899.2372273158
2513,204,200.0
2514,204,400.0
2515,204,400.0
2516,204,100.0
2517,204,-599.9999999999836
2518,64,341641.5497927827
2519,190,-100046.65320620968
2520,34,-102457.3562591961
2521,44,-103489.0
2522,52,-104689.0
2523,78,-107290.0
2524,74,-106088.0
2525,42,-103257.33979139599
2526,26,-102089.0
2527,30,-101602.49537473106
2528,110,311384.47365125176
2529,66,-105689.0
2530,170,-116091.0
2531,28,-102690.0
2532,22,-101890.0
2533,24,-102089.0
2534,20,-101891.0
2535,24,-102291.0
2536,22,-102091.0
2537,22,-101890.0
2538,28,-102291.0
2539,26,-102290.0
2540,20,-101891.0
2541,20,-101891.0
2542,20,-101891.0
2543,26,-102491.0
2544,22,-101890.0
2545,20,-101891.0
2546,24,-101889.0
2547,24,-102290.0
2548,24,-102291.0
2549,22,-101890.0
2550,22,-101889.0
2551,22,-102091.0
2552,24,-102291.0
2553,22,-101890.0
2554,24,-102090.0
2555,22,-102091.0
2556,20,-101891.0
2557,24,-101889.0
2558,20,-101891.0
2559,20,-101891.0
2560,22,-101890.0
2561,22,-102091.0
2562,22,-102091.0
2563,22,-102090.0
2564,22,-102090.0
2565,22,-102091.0
2566,24,-102089.0
2567,22,-101889.0
2568,20,-101891.0
2569,24,-102090.0
2570,22,-101890.0
2571,20,-101891.0
2572,22,-101889.0
2573,20,-101890.0
2574,22,-101890.0
2575,20,-101891.0
2576,24,-102090.0
2577,22,-101890.0
2578,20,-101891.0
2579,20,-101891.0
2580,22,-101890.0
2581,22,-102091.0
2582,22,-102091.0
2583,20,-101890.0
2584,20,-101891.0
2585,22,-101890.0
2586,20,-101890.0
2587,20,-101891.0
2588,22,-101890.0
2589,20,-101891.0
2590,20,-101891.0
2591,24,-102090.0
2592,20,-101891.0
2593,24,-102090.0
2594,22,-102091.0
2595,20,-101891.0
2596,20,-101890.0
2597,20,-101891.0
2598,20,-101891.0
2599,20,-101891.0
2600,26,-102291.0
2601,22,-101890.0
2602,22,-102091.0
2603,24,-102090.0
2604,20,-101891.0
2605,22,-101890.0
2606,22,-101890.0
2607,20,-101891.0
2608,22,-101890.0
2609,20,-101890.0
2610,20,-101891.0
2611,22,-102091.0
2612,20,-101891.0
2613,22,-102090.0
2614,22,-101890.0
2615,20,-101891.0
2616,20,-101891.0
2617,20,-101891.0
2618,22,-102091.0
2619,20,-101891.0
2620,26,-102491.0
2621,30,-102890.0
2622,26,-102490.0
2623,22,-102091.0
2624,22,-102091.0
2625,24,-102291.0
2626,20,-101891.0
2627,24,-102291.0
2628,24,-102291.0
2629,22,-102091.0
2630,20,-101891.0
2631,24,-102289.0
2632,20,-101891.0
2633,20,-101891.0
2634,22,-102091.0
2635,20,-101890.0
2636,22,-102091.0
2637,20,-101891.0
2638,22,-101890.0
2639,24,-102291.0
2640,22,-101890.0
2641,22,-102091.0
2642,22,-102091.0
2643,20,-101891.0
2644,22,-102091.0
2645,22,-101890.0
2646,24,-102090.0
2647,20,-101891.0
2648,22,-101890.0
2649,24,-102090.0
2650,20,-101891.0
2651,24,-102291.0
2652,22,-101889.0
2653,20,-101891.0
2654,20,-101891.0
2655,22,-101889.0
2656,22,-102091.0
2657,20,-101891.0
2658,24,-102090.0
2659,22,-102090.0
2660,24,-102290.0
2661,22,-101890.0
2662,22,-101890.0
2663,20,-101891.0
2664,20,-101891.0
2665,24,-102090.0
2666,24,-102290.0
2667,20,-101891.0
2668,20,-101891.0
2669,22,-102091.0
2670,20,-101891.0
2671,20,-101891.0
2672,24,-102291.0
2673,20,-101890.0
2674,28,-102289.0
2675,28,-102090.0
2676,28,-102690.0
2677,24,-102291.0
2678,22,-101890.0
2679,24,-102090.0
2680,20,-101891.0
2681,22,-101890.0
2682,22,-101890.0
2683,22,-101890.0
2684,20,-101891.0
2685,20,-101891.0
2686,22,-102091.0
2687,20,-101889.0
2688,22,-101889.0
2689,20,-101891.0
2690,20,-101891.0
2691,24,-102290.0
2692,24,-102090.0
2693,20,-101891.0
2694,22,-101890.0
2695,22,-102091.0
2696,22,-102091.0
2697,20,-101891.0
2698,22,-101890.0
2699,20,-101891.0
2700,20,-101891.0
2701,20,-101891.0
2702,20,-101891.0
2703,26,-102289.0
2704,24,-102291.0
2705,24,-102290.0
2706,22,-101890.0
2707,20,-101891.0
2708,20,-101891.0
2709,24,-102291.0
2710,22,-102091.0
2711,24,-102291.0
2712,22,-102091.0
2713,22,-101889.0
2714,22,-102091.0
2715,20,-101891.0
2716,22,-101890.0
2717,20,-101890.0
2718,22,-102091.0
2719,22,-102091.0
2720,24,-102290.0
2721,30,-102691.0
2722,20,-101891.0
2723,22,-102091.0
2724,20,-101891.0
2725,20,-101890.0
2726,24,-102090.0
2727,22,-102090.0
2728,22,-102091.0
2729,26,-102491.0
2730,22,-101890.0
2731,24,-102291.0
2732,22,-101890.0
2733,20,-101891.0
2734,22,-101890.0
2735,22,-101890.0
2736,24,-102090.0
2737,22,-101890.0
2738,24,-102090.0
2739,28,-102691.0
2740,32,-102691.0
2741,20,-101891.0
2742,24,-102090.0
2743,24,-102090.0
2744,20,-101891.0
2745,26,-102491.0
2746,20,-101891.0
2747,20,-101891.0
2748,20,-101891.0
2749,24,-102090.0
2750,20,-101891.0
2751,24,-102090.0
2752,20,-101891.0
2753,22,-101890.0
2754,20,-101891.0
2755,26,-102491.0
2756,32,-102690.0
2757,28,-102691.0
2758,26,-102090.0
2759,22,-102091.0
2760,26,-102290.0
2761,26,-102491.0
2762,22,-101890.0
2763,34,-103091.0
2764,22,-102091.0
2765,22,-102091.0
2766,20,-101891.0
2767,20,-101891.0
2768,32,-102890.0
2769,22,-101889.0
2770,20,-101891.0
2771,20,-101890.0
2772,24,-102291.0
2773,26,-102290.0
2774,32,-103091.0
2775,24,-101888.0
2776,26,-102491.0
2777,26,-102491.0
2778,24,-102291.0
2779,24,-102291.0
2780,28,-102691.0
2781,26,-102491.0
2782,24,-102291.0
2783,32,-103091.0
2784,30,-102489.0
2785,36,-103491.0
2786,38,-103089.0
2787,46,-104491.0
2788,28,-102691.0
2789,104,-109488.0
2790,24,-102291.0
2791,28,-102691.0
2792,24,-102090.0
2793,42,-103490.0
2794,22,-101890.0
2795,64,-106291.0
2796,30,-102690.0
2797,38,-103490.0
2798,22,-101890.0
2799,64,-106291.0
2800,46,-104491.0
2801,30,-102089.0
2802,40,-103891.0
2803,24,-102090.0
2804,28,-102290.0
2805,38,-103691.0
2806,70,-106491.0
2807,24,-101889.0
2808,26,-102290.0
2809,22,-101890.0
2810,24,-102090.0
2811,22,-101890.0
2812,30,-102891.0
2813,32,-102890.0
2814,26,-102290.0
2815,26,-102089.0
2816,32,-102289.0
2817,48,-104491.0
2818,28,-102490.0
2819,26,-102290.0
2820,48,-104490.0
2821,38,-102890.0
2822,36,-103090.0
2823,28,-102691.0
2824,52,-105091.0
2825,38,-103290.0
2826,36,-102889.0
2827,24,-102291.0
2828,36,-103291.0
2829,26,-102290.0
2830,28,-102490.0
2831,32,-102890.0
2832,54,-105089.0
2833,52,-104891.0
2834,48,-104289.0
2835,32,-102890.0
2836,36,-102828.71454081562
2837,44,-104291.0
2838,28,-102490.0
2839,30,-102690.0
2840,26,-102089.0
2841,34,-103090.0
2842,30,-102256.88951913883
2843,58,-105290.0
2844,64,-105891.0
2845,24,-101889.0
2846,44,-103889.0
2847,24,-102090.0
2848,66,-106491.0
2849,30,-102489.0
2850,38,-103090.0
2851,146,-114291.0
2852,66,-106491.0
2853,46,-104089.0
2854,32,-102689.0
2855,46,-104059.35727691345
2856,92,-108489.0
2857,84,325739.62798480276
2858,204,-600.0
2859,170,-112387.96129345601
2860,78,-106858.35727691345
2861,204,-100.0
2862,80,327750.4964775507
2863,88,320072.2304337165
2864,204,-200.0
2865,70,-106089.0
2866,102,-108972.60656358501
2867,204,-600.0
2868,204,-600.0
2869,204,-400.0
2870,204,-599.9999999999945
2871,204,0.0
2872,104,-109090.0
2873,204,-700.0
2874,202,-119058.30457721473
2875,204,-500.0
2876,112,146346.51457497693
2877,204,-500.0
2878,204,-800.0
2879,204,-500.0
2880,44,359098.60731236433
2881,160,-115489.0
2882,204,-300.0
2883,204,-100.0
2884,204,-100.0
2885,130,-111888.0
2886,204,200.0
2887,204,500.0
2888,204,-200.0
2889,204,-200.0
2890,204,-399.9999999999982
2891,204,-599.9999999999991
2892,204,-599.9999999999945
2893,204,-200.0
2894,76,330960.46643963846
2895,204,-300.0
2896,204,300.0
2897,112,150912.3120231002
2898,204,-500.0000000000273
2899,204,-100.0
2900,204,-500.0
2901,204,-500.0000000000073
2902,204,-500.0
2903,204,-800.0
2904,204,0.0
2905,204,-100.0
2906,204,-200.0
2907,110,143472.60107203008
2908,204,-499.99999999999727
2909,204,-400.0
2910,158,-110883.17884445665
2911,92,312178.079162733
2912,76,327138.4685165697
2913,110,148971.78306785668
2914,204,0.0
2915,204,-300.0
2916,112,150765.1688324922
2917,110,148947.1547786356
2918,204,-300.0
2919,204,-200.0
2920,204,-300.0
2921,204,200.0
2922,204,200.0
2923,112,151111.3120231002
2924,58,345531.7272879864
2925,204,200.0
2926,38,362700.76720222266
2927,204,-200.0
2928,66,334750.1595386559
2929,204,300.0
2930,110,148909.7859211709
2931,28,374599.20694169553
2932,78,337611.2479100835
2933,204,-299.99999999999636
2934,84,329992.1818499326
2935,204,100.00000000003274
2936,166,240739.07194031775
2937,204,-200.0
2938,204,99.99999999999636
2939,204,-100.0
2940,204,-100.0
2941,204,200.0
2942,36,364038.6427230866
2943,204,0.0
2944,204,-500.0
2945,204,-500.0
2946,204,-199.99999999999454
2947,58,355123.73486283876
2948,204,200.0
2949,204,-300.0
2950,50,357917.696900931
2951,28,375833.9346538328
2952,204,300.0
2953,204,99.99999999999818
2954,40,359209.0
2955,4,-4300.0
2956,204,-99.99999999999636
2957,204,-100.0
2958,204,-299.9999999999982
2959,204,-100.0
2960,204,-199.99999999999818
2961,46,353071.455611273
2962,204,-499.9999999999991
2963,204,100.0
2964,204,-499.99999999999454
2965,204,200.0
2966,204,-400.0
2967,204,-300.0
2968,44,361220.8236554934
2969,204,400.0
2970,204,-100.0
2971,60,355012.8069958844
2972,204,-99.99999999999727
2973,130,272769.7738073816
2974,204,0.0
2975,204,300.0
2976,204,100.0
2977,204,-299.9999999999982
2978,134,262967.05480069923
2979,204,-100.0
2980,36,371730.8337576713
2981,52,350863.8003110996
2982,36,367595.1530704497
2983,204,-200.0000000000009
2984,204,300.0
2985,136,272179.96743589354
2986,204,-500.0
2987,74,-104988.0308671098
2988,126,-107675.03746502145
2989,68,340701.2698441018
2990,204,-499.99999999999636
2991,204,-600.0
2992,204,-600.0000000000036
2993,204,-500.0
2994,204,-700.0
2995,204,-699.9999999999982
2996,110,145227.95883720633
2997,64,-98340.37701665539
2998,78,330297.7566265245
2999,204,-599.999999999993
3000,204,-500.0
3001,58,-99715.71942127479
3002,204,-400.0
3003,204,-200.0
3004,110,146430.36245949296
3005,204,-400.0
3006,78,-105511.17696766846
3007,204,-300.0
3008,204,-400.0
3009,204,-300.0
3010,204,-300.0
3011,120,299392.4630126841
3012,110,147566.088599865
3013,204,-100.0
3014,204,-600.0
3015,204,-500.0000000000018
3016,204,-400.0
3017,204,500.0
3018,204,-100.0
3019,74,335781.33091114496
3020,204,-400.0
3021,204,-100.0
3022,50,351929.0999917422
3023,112,150680.46813451112
3024,204,-300.0
3025,204,-400.0
3026,204,100.0
3027,134,-107905.78826135541
3028,114,151140.63368403638
3029,204,-100.0
3030,204,-100.0
3031,204,-300.0
3032,204,-299.99999999999727
3033,52,349799.8160654403
3034,204,-300.0
3035,204,-200.0
3036,204,200.0
3037,204,100.0
3038,48,354721.3549849371
3039,204,-200.0
3040,204,-100.0
3041,204,600.0
3042,204,100.00000000000819
3043,204,-399.9999999999982
3044,204,-100.00000000000182
3045,112,150900.1282941463
3046,204,-100.0
3047,204,-599.9999999999956
3048,204,200.0
3049,204,-199.99999999999864
3050,72,340703.7911114796
3051,48,360291.53528960026
3052,204,-100.0
3053,76,333561.90598776424
3054,28,375833.9346538328
3055,66,349456.6987289505
3056,204,100.0
3057,60,337410.0
3058,204,100.0
3059,204,100.0
3060,204,100.0
3061,204,-499.9999999999934
3062,204,-7.275957614183426e-12
3063,204,-700.0
3064,204,-300.0
3065,36,369198.9585549649
3066,204,600.0
3067,204,-500.0
3068,204,-100.0
3069,204,-100.0
3070,204,0.0
3071,204,-800.0
3072,64,340713.28663841245
3073,204,-300.0
3074,204,-499.99999999999636
3075,204,-500.0
3076,204,-100.0
3077,204,0.0
3078,204,-300.0
3079,204,100.0
3080,204,-1.8189894035458565e-12
3081,204,7.73070496506989e-12
3082,204,200.0
3083,204,0.0
3084,114,157681.5753185014
3085,204,100.0
3086,50,353417.30916965735
3087,204,300.0
3088,204,-400.0
3089,204,-499.99999999999136
3090,204,-200.0
3091,204,-300.0
3092,204,-500.00000000000364
3093,204,-300.0
3094,204,100.0
3095,204,199.99999999999636
3096,204,-500.0
3097,204,-200.0
3098,204,-100.0
3099,204,-300.0
3100,70,341235.5906066364
3101,86,318641.86762953
3102,54,346816.9489019189
3103,204,200.0
3104,204,0.0
3105,204,-100.0
3106,50,357584.3375932083
3107,204,-400.0
3108,48,358460.23818862706
3109,204,0.0
3110,204,100.0
3111,204,-600.0000000000036
3112,60,345445.08537382854
3113,204,-300.0
3114,204,-400.0
3115,204,-200.0
3116,204,400.0
3117,204,-300.0000000000073
3118,112,151942.26504526875
3119,204,200.0
3120,204,-500.0
3121,204,-700.0000000000309
3122,204,-300.0
3123,116,155206.07532516768
3124,204,-100.0
3125,204,200.0
3126,204,-200.0
3127,204,-300.0
3128,204,-100.00000000000364
3129,204,-299.9999999999991
3130,204,-400.0
3131,204,-400.0
3132,48,359353.6445413395
3133,204,-100.0
3134,204,-400.0
3135,204,-300.0
3136,204,-600.0
3137,146,-94615.10061953326
3138,36,-103491.0
3139,22,-101890.0
3140,22,-101890.0
3141,32,-103091.0
3142,24,-102090.0
3143,20,-101891.0
3144,20,-101891.0
3145,22,-102091.0
3146,20,-101891.0
3147,24,-102291.0
3148,20,-101890.0
3149,20,-101891.0
3150,22,-101890.0
3151,20,-101891.0
3152,22,-101890.0
3153,20,-101891.0
3154,20,-101891.0
3155,20,-101891.0
3156,22,-102091.0
3157,24,-102291.0
3158,20,-101891.0
3159,20,-101891.0
3160,20,-101891.0
3161,20,-101891.0
3162,20,-101891.0
3163,22,-102091.0
3164,22,-102091.0
3165,20,-101891.0
3166,22,-102091.0
3167,20,-101891.0
3168,22,-102091.0
3169,24,-101889.0
3170,20,-101891.0
3171,20,-101891.0
3172,22,-102091.0
3173,20,-101891.0
3174,20,-101891.0
3175,20,-101891.0
3176,22,-102091.0
3177,22,-102091.0
3178,20,-101891.0
3179,24,-102090.0
3180,22,-102090.0
3181,20,-101891.0
3182,20,-101891.0
3183,20,-101891.0
3184,20,-101891.0
3185,20,-101891.0
3186,20,-101891.0
3187,20,-101891.0
3188,22,-101890.0
3189,20,-101891.0
3190,20,-101891.0
3191,22,-101890.0
3192,20,-101891.0
3193,22,-101890.0
3194,20,-101891.0
3195,20,-101891.0
3196,20,-101891.0
3197,22,-102091.0
3198,20,-101891.0
3199,20,-101891.0
3200,20,-101891.0
3201,20,-101891.0
3202,20,-101891.0
3203,20,-101891.0
3204,22,-102091.0
3205,24,-102089.0
3206,20,-101891.0
3207,20,-101891.0
3208,22,-101890.0
3209,20,-101891.0
3210,20,-101891.0
3211,22,-102091.0
3212,20,-101891.0
3213,20,-101891.0
3214,20,-101891.0
3215,20,-101891.0
3216,20,-101891.0
3217,20,-101891.0
3218,20,-101891.0
3219,20,-101891.0
3220,22,-101890.0
3221,24,-102291.0
3222,24,-102290.0
3223,20,-101891.0
3224,22,-101890.0
3225,20,-101891.0
3226,20,-101891.0
3227,20,-101891.0
3228,22,-102090.0
3229,22,-102091.0
3230,20,-101891.0
3231,20,-101891.0
3232,22,-101890.0
3233,22,-101890.0
3234,22,-102090.0
3235,20,-101890.0
3236,20,-101891.0
3237,20,-101890.0
3238,20,-101891.0
3239,20,-101891.0
3240,20,-101891.0
3241,22,-102091.0
3242,20,-101890.0
3243,22,-101890.0
3244,20,-101891.0
3245,22,-102091.0
3246,20,-101891.0
3247,20,-101891.0
3248,20,-101891.0
3249,20,-101890.0
3250,20,-101891.0
3251,20,-101891.0
3252,20,-101891.0
3253,20,-101891.0
3254,20,-101891.0
3255,22,-102091.0
3256,20,-101891.0
3257,22,-102091.0
3258,20,-101891.0
3259,20,-101891.0
3260,22,-101890.0
3261,20,-101891.0
3262,20,-101891.0
3263,20,-101891.0
3264,20,-101891.0
3265,24,-102090.0
3266,20,-101891.0
3267,20,-101891.0
3268,20,-101891.0
3269,20,-101891.0
3270,20,-101891.0
3271,20,-101890.0
3272,20,-101890.0
3273,20,-101891.0
3274,20,-101891.0
3275,20,-101890.0
3276,20,-101891.0
3277,20,-101891.0
3278,20,-101891.0
3279,20,-101891.0
3280,20,-101891.0
3281,20,-101891.0
3282,22,-102091.0
3283,20,-101891.0
3284,20,-101890.0
3285,20,-101891.0
3286,20,-101891.0
3287,22,-102091.0
3288,20,-101891.0
3289,20,-101891.0
3290,20,-101891.0
3291,20,-101891.0
3292,20,-101890.0
3293,20,-101890.0
3294,20,-101891.0
3295,20,-101891.0
3296,20,-101891.0
3297,20,-101890.0
3298,20,-101891.0
3299,20,-101890.0
3300,20,-101890.0
3301,20,-101891.0
3302,22,-101890.0
3303,20,-101891.0
3304,20,-101891.0
3305,20,-101890.0
3306,22,-102090.0
3307,24,-102291.0
3308,20,-101891.0
3309,20,-101891.0
3310,22,-101890.0
3311,20,-101890.0
3312,20,-101891.0
3313,20,-101891.0
3314,20,-101891.0
3315,22,-102091.0
3316,20,-101891.0
3317,20,-101891.0
3318,22,-101890.0
3319,22,-102091.0
3320,20,-101891.0
3321,20,-101891.0
3322,20,-101891.0
3323,20,-101890.0
3324,20,-101891.0
3325,20,-101891.0
3326,20,-101890.0
3327,20,-101891.0
3328,20,-101891.0
3329,20,-101890.0
3330,20,-101891.0
3331,22,-102091.0
3332,20,-101891.0
3333,20,-101891.0
3334,20,-101891.0
3335,20,-101891.0
3336,22,-101890.0
3337,22,-102090.0
3338,20,-101890.0
3339,20,-101890.0
3340,20,-101891.0
3341,20,-101891.0
3342,20,-101891.0
3343,20,-101891.0
3344,20,-101891.0
3345,20,-101891.0
3346,20,-101891.0
3347,20,-101891.0
3348,20,-101891.0
3349,20,-101891.0
3350,20,-101890.0
3351,20,-101891.0
3352,22,-101890.0
3353,20,-101890.0
3354,20,-101891.0
3355,20,-101891.0
3356,22,-102091.0
3357,20,-101890.0
3358,22,-102090.0
3359,20,-101891.0
3360,20,-101891.0
3361,20,-101890.0
3362,20,-101891.0
3363,20,-101890.0
3364,20,-101891.0
3365,20,-101891.0
3366,20,-101891.0
3367,20,-101890.0
3368,22,-102090.0
3369,20,-101891.0
3370,20,-101891.0
3371,20,-101891.0
3372,20,-101891.0
3373,22,-102091.0
3374,20,-101891.0
3375,22,-101889.0
3376,24,-102289.0
3377,20,-101891.0
3378,20,-101890.0
3379,20,-101891.0
3380,20,-101890.0
3381,20,-101891.0
3382,20,-101891.0
3383,20,-101891.0
3384,20,-101891.0
3385,20,-101891.0
3386,20,-101890.0
3387,22,-102091.0
3388,20,-101891.0
3389,20,-101891.0
3390,20,-101891.0
3391,20,-101891.0
3392,22,-102091.0
3393,22,-102091.0
3394,22,-102090.0
3395,20,-101891.0
3396,22,-102091.0
3397,20,-101891.0
3398,20,-101891.0
3399,20,-101891.0
3400,20,-101890.0
3401,20,-101891.0
3402,20,-101891.0
3403,20,-101891.0
3404,20,-101891.0
3405,20,-101891.0
3406,20,-101891.0
3407,20,-101891.0
3408,20,-101891.0
3409,20,-101891.0
3410,20,-101891.0
3411,26,-102290.0
3412,20,-101891.0
3413,22,-102091.0
3414,20,-101891.0
3415,20,-101891.0
3416,22,-101890.0
3417,20,-101891.0
3418,22,-102090.0
3419,20,-101891.0
3420,20,-101891.0
3421,20,-101891.0
3422,22,-102091.0
3423,20,-101890.0
3424,20,-101891.0
3425,20,-101890.0
3426,20,-101891.0
3427,20,-101891.0
3428,22,-101890.0
3429,22,-101890.0
3430,22,-101890.0
3431,20,-101891.0
3432,20,-101891.0
3433,22,-101890.0
3434,20,-101891.0
3435,20,-101891.0
3436,22,-101890.0
3437,20,-101891.0
3438,20,-101891.0
3439,20,-101890.0
3440,22,-102091.0
3441,20,-101891.0
3442,20,-101891.0
3443,20,-101891.0
3444,20,-101890.0
3445,22,-102091.0
3446,22,-102091.0
3447,24,-102291.0
3448,122,-112091.0
3449,28,-102490.0
3450,142,-113891.0
3451,204,-600.0
3452,34,-102427.6637483057
3453,36,-102889.0
3454,92,-108490.0
3455,34,-103090.0
3456,24,-102090.0
3457,42,-104091.0
3458,204,-900.0
3459,204,-800.0
3460,54,-105090.0
3461,26,-102089.0
3462,38,-103490.0
3463,126,-111889.0
3464,32,-102890.0
3465,44,-104291.0
3466,40,-103891.0
3467,20,-101891.0
3468,22,-102091.0
3469,20,-101891.0
3470,22,-101890.0
3471,24,-102291.0
3472,24,-102291.0
3473,22,-102091.0
3474,24,-102291.0
3475,26,-102491.0
3476,28,-102691.0
3477,22,-101890.0
3478,34,-103291.0
3479,22,-102091.0
3480,28,-102691.0
3481,32,-103091.0
3482,22,-101890.0
3483,48,-104059.35727691316
3484,22,-101890.0
3485,24,-102291.0
3486,26,-102491.0
3487,48,-104691.0
3488,26,-102290.0
3489,42,-104091.0
3490,24,-102090.0
3491,204,-700.0
3492,24,-101889.0
3493,48,-104290.0
3494,204,-600.0
3495,112,145829.5745875408
3496,204,-700.0
3497,76,-107290.0
3498,36,-103290.0
3499,48,-104490.0
3500,204,-600.0
3501,204,200.0
3502,204,-100.0
3503,60,-105690.0
3504,54,-105090.0
3505,68,-106290.0
3506,204,-600.0
3507,204,-500.0
3508,186,-118290.0
3509,68,339556.40342601255
3510,204,-500.0
3511,58,-105089.0
3512,204,-500.0
3513,112,147901.67385569672
3514,204,-200.0
3515,204,-800.0
3516,110,143675.60107203008
3517,112,145625.5745875408
3518,204,-400.0
3519,78,331312.74825182627
3520,204,-200.0
3521,204,-600.0
3522,204,-600.0
3523,204,0.0
3524,204,-600.0
3525,204,-500.0
3526,204,-800.0
3527,204,-600.0
3528,204,-500.0
3529,204,-800.0
3530,204,-500.0
3531,66,-105889.0
3532,24,-102291.0
3533,20,-101891.0
3534,22,-102091.0
3535,20,-101891.0
3536,22,-102091.0
3537,32,-103091.0
3538,20,-101891.0
3539,26,-102491.0
3540,24,-102291.0
3541,26,-102491.0
3542,24,-102291.0
3543,34,-103291.0
3544,20,-101891.0
3545,40,-103891.0
3546,24,-102291.0
3547,46,-104491.0
3548,36,-103491.0
3549,54,-105291.0
3550,204,-900.0
3551,204,-900.0
3552,24,-102090.0
3553,24,-102090.0
3554,204,-799.9999999999982
3555,76,-105936.69895697993
3556,110,143673.60107203008
3557,68,331283.92608884844
3558,204,-200.0
3559,204,-600.0
3560,204,-800.0
3561,88,315513.30313257047
3562,204,-400.0
3563,204,-800.0
3564,204,-100.0
3565,140,-113690.0
3566,20,-101891.0
3567,20,-101891.0
3568,20,-101891.0
3569,20,-101891.0
3570,20,-101891.0
3571,20,-101890.0
3572,20,-101891.0
3573,20,-101891.0
3574,20,-101890.0
3575,20,-101891.0
3576,20,-101890.0
3577,20,-101891.0
3578,20,-101891.0
3579,20,-101891.0
3580,20,-101891.0
3581,20,-101891.0
3582,20,-101891.0
3583,20,-101891.0
3584,20,-101891.0
3585,20,-101891.0
3586,20,-101891.0
3587,20,-101891.0
3588,20,-101891.0
3589,20,-101890.0
3590,20,-101891.0
3591,20,-101891.0
3592,20,-101891.0
3593,20,-101891.0
3594,20,-101891.0
3595,20,-101890.0
3596,20,-101891.0
3597,20,-101891.0
3598,20,-101891.0
3599,20,-101891.0
3600,20,-101891.0
3601,20,-101891.0
3602,20,-101891.0
3603,20,-101891.0
3604,20,-101891.0
3605,20,-101891.0
3606,20,-101891.0
3607,20,-101891.0
3608,20,-101891.0
3609,20,-101891.0
3610,20,-101891.0
3611,20,-101891.0
3612,20,-101890.0
3613,20,-101891.0
3614,20,-101891.0
3615,20,-101891.0
3616,20,-101891.0
3617,20,-101891.0
3618,20,-101891.0
3619,20,-101891.0
3620,20,-101891.0
3621,20,-101890.0
3622,22,-102090.0
3623,20,-101891.0
3624,20,-101891.0
3625,20,-101891.0
3626,20,-101890.0
3627,20,-101891.0
3628,20,-101891.0
3629,22,-102091.0
3630,20,-101891.0
3631,20,-101891.0
3632,20,-101891.0
3633,20,-101891.0
3634,20,-101891.0
3635,20,-101891.0
3636,20,-101891.0
3637,20,-101891.0
3638,20,-101891.0
3639,20,-101891.0
3640,20,-101891.0
3641,20,-101891.0
3642,20,-101891.0
3643,20,-101891.0
3644,20,-101891.0
3645,20,-101890.0
3646,20,-101891.0
3647,20,-101891.0
3648,22,-102090.0
3649,20,-101891.0
3650,20,-101891.0
3651,20,-101891.0
3652,20,-101891.0
3653,20,-101891.0
3654,20,-101891.0
3655,20,-101891.0
3656,20,-101891.0
3657,20,-101891.0
3658,20,-101891.0
3659,20,-101891.0
3660,20,-101891.0
3661,20,-101891.0
3662,20,-101891.0
3663,20,-101891.0
3664,20,-101891.0
3665,20,-101891.0
3666,20,-101891.0
3667,20,-101891.0
3668,20,-101891.0
3669,22,-101889.0
3670,20,-101891.0
3671,20,-101891.0
3672,20,-101891.0
3673,20,-101891.0
3674,20,-101891.0
3675,20,-101891.0
3676,20,-101891.0
3677,20,-101891.0
3678,22,-101890.0
3679,20,-101891.0
3680,20,-101891.0
3681,20,-101891.0
3682,20,-101891.0
3683,20,-101891.0
3684,20,-101891.0
3685,20,-101891.0
3686,20,-101891.0
3687,22,-102091.0
3688,20,-101891.0
3689,20,-101891.0
3690,22,-101890.0
3691,20,-101891.0
3692,20,-101891.0
3693,20,-101891.0
3694,20,-101891.0
3695,20,-101891.0
3696,20,-101891.0
3697,20,-101891.0
3698,20,-101891.0
3699,20,-101891.0
3700,20,-101891.0
3701,20,-101891.0
3702,20,-101891.0
3703,22,-102091.0
3704,20,-101890.0
3705,20,-101891.0
3706,20,-101891.0
3707,20,-101891.0
3708,20,-101891.0
3709,20,-101891.0
3710,20,-101891.0
3711,20,-101891.0
3712,20,-101891.0
3713,22,-101890.0
3714,20,-101891.0
3715,20,-101891.0
3716,20,-101891.0
3717,20,-101891.0
3718,20,-101891.0
3719,20,-101891.0
3720,22,-102091.0
3721,20,-101891.0
3722,20,-101891.0
3723,20,-101891.0
3724,20,-101891.0
3725,20,-101891.0
3726,20,-101891.0
3727,20,-101891.0
3728,20,-101891.0
3729,20,-101891.0
3730,20,-101891.0
3731,20,-101891.0
3732,20,-101891.0
3733,20,-101891.0
3734,22,-102091.0
3735,20,-101891.0
3736,20,-101891.0
3737,22,-102091.0
3738,20,-101891.0
3739,20,-101891.0
3740,22,-102091.0
3741,20,-101891.0
3742,20,-101891.0
3743,20,-101891.0
3744,22,-101890.0
3745,20,-101891.0
3746,20,-101891.0
3747,20,-101891.0
3748,20,-101891.0
3749,20,-101891.0
3750,20,-101891.0
3751,20,-101891.0
3752,20,-101891.0
3753,20,-101891.0
3754,20,-101891.0
3755,22,-102090.0
3756,20,-101891.0
3757,20,-101891.0
3758,20,-101891.0
3759,20,-101891.0
3760,20,-101891.0
3761,20,-101891.0
3762,20,-101891.0
3763,20,-101891.0
3764,22,-102091.0
3765,20,-101891.0
3766,20,-101891.0
3767,20,-101891.0
3768,20,-101891.0
3769,20,-101891.0
3770,20,-101891.0
3771,20,-101891.0
3772,20,-101891.0
3773,22,-101890.0
3774,20,-101891.0
3775,20,-101891.0
3776,20,-101891.0
3777,20,-101891.0
3778,20,-101891.0
3779,20,-101891.0
3780,20,-101891.0
3781,22,-102091.0
3782,20,-101891.0
3783,20,-101891.0
3784,20,-101891.0
3785,20,-101891.0
3786,20,-101891.0
3787,22,-102090.0
3788,20,-101891.0
3789,22,-102091.0
3790,20,-101891.0
3791,20,-101891.0
3792,20,-101891.0
3793,20,-101891.0
3794,20,-101891.0
3795,20,-101891.0
3796,20,-101891.0
3797,20,-101890.0
3798,20,-101891.0
3799,20,-101891.0
3800,20,-101891.0
3801,20,-101891.0
3802,20,-101891.0
3803,20,-101891.0
3804,20,-101891.0
3805,20,-101891.0
3806,20,-101891.0
3807,20,-101891.0
3808,20,-101891.0
3809,20,-101891.0
3810,20,-101891.0
3811,20,-101891.0
3812,20,-101891.0
3813,20,-101891.0
3814,20,-101891.0
3815,20,-101891.0
3816,20,-101891.0
3817,20,-101891.0
3818,20,-101891.0
3819,20,-101891.0
3820,20,-101891.0
3821,20,-101890.0
3822,20,-101891.0
3823,20,-101891.0
3824,20,-101891.0
3825,22,-102091.0
3826,20,-101891.0
3827,20,-101891.0
3828,20,-101891.0
3829,20,-101891.0
3830,20,-101891.0
3831,20,-101891.0
3832,20,-101891.0
3833,22,-101890.0
3834,22,-102091.0
3835,20,-101891.0
3836,20,-101891.0
3837,20,-101891.0
3838,20,-101891.0
3839,20,-101891.0
3840,20,-101891.0
3841,20,-101891.0
3842,20,-101891.0
3843,20,-101891.0
3844,20,-101891.0
3845,20,-101891.0
3846,22,-101889.0
3847,20,-101891.0
3848,20,-101891.0
3849,20,-101891.0
3850,20,-101891.0
3851,20,-101891.0
3852,22,-101890.0
3853,20,-101891.0
3854,20,-101891.0
3855,20,-101891.0
3856,20,-101891.0
3857,20,-101891.0
3858,20,-101891.0
3859,20,-101890.0
3860,20,-101891.0
3861,22,-102091.0
3862,20,-101891.0
3863,20,-101891.0
3864,20,-101891.0
3865,20,-101891.0
3866,20,-101891.0
3867,20,-101891.0
3868,20,-101891.0
3869,20,-101891.0
3870,20,-101891.0
3871,20,-101891.0
3872,20,-101891.0
3873,20,-101891.0
3874,20,-101891.0
3875,22,-102091.0
3876,20,-101891.0
3877,20,-101891.0
3878,20,-101891.0
3879,22,-102090.0
3880,20,-101891.0
3881,20,-101891.0
3882,20,-101891.0
3883,20,-101891.0
3884,20,-101891.0
3885,20,-101891.0
3886,22,-101890.0
3887,20,-101891.0
3888,20,-101891.0
3889,20,-101891.0
3890,20,-101891.0
3891,20,-101891.0
3892,20,-101891.0
3893,20,-101891.0
3894,20,-101891.0
3895,20,-101891.0
3896,20,-101891.0
3897,20,-101891.0
3898,20,-101891.0
3899,24,-102291.0
3900,22,-102091.0
3901,20,-101891.0
3902,20,-101891.0
3903,22,-101890.0
3904,22,-102091.0
3905,22,-102091.0
3906,20,-101891.0
3907,22,-101890.0
3908,22,-101890.0
3909,20,-101891.0
3910,22,-102091.0
3911,20,-101891.0
3912,20,-101891.0
3913,20,-101891.0
3914,20,-101891.0
3915,28,-102490.0
3916,20,-101891.0
3917,22,-101890.0
3918,20,-101891.0
3919,22,-101890.0
3920,20,-101891.0
3921,22,-102091.0
3922,20,-101891.0
3923,20,-101891.0
3924,22,-101890.0
3925,20,-101891.0
3926,20,-101891.0
3927,20,-101891.0
3928,20,-101891.0
3929,20,-101891.0
3930,20,-101891.0
3931,20,-101891.0
3932,20,-101891.0
3933,22,-102091.0
3934,20,-101891.0
3935,20,-101891.0
3936,22,-101890.0
3937,20,-101891.0
3938,22,-102091.0
3939,20,-101891.0
3940,20,-101891.0
3941,22,-102091.0
3942,24,-102291.0
3943,26,-102491.0
3944,20,-101891.0
3945,24,-102291.0
3946,22,-102091.0
3947,22,-102091.0
3948,26,-102491.0
3949,26,-102491.0
3950,20,-101891.0
3951,20,-101891.0
3952,26,-102491.0
3953,20,-101891.0
3954,40,-103890.0
3955,20,-101891.0
3956,20,-101891.0
3957,20,-101891.0
3958,22,-102091.0
3959,22,-101890.0
3960,20,-101891.0
3961,22,-101890.0
3962,22,-101890.0
3963,24,-102291.0
3964,22,-102091.0
3965,20,-101891.0
3966,22,-102091.0
3967,20,-101891.0
3968,22,-102091.0
3969,20,-101891.0
3970,20,-101891.0
3971,20,-101891.0
3972,20,-101891.0
3973,24,-102291.0
3974,20,-101891.0
3975,24,-102291.0
3976,20,-101891.0
3977,20,-101891.0
3978,20,-101891.0
3979,24,-102291.0
3980,20,-101891.0
3981,20,-101891.0
3982,20,-101891.0
3983,20,-101891.0
3984,22,-101889.0
3985,20,-101891.0
3986,22,-102091.0
3987,20,-101891.0
3988,20,-101891.0
3989,20,-101891.0
3990,20,-101891.0
3991,22,-102091.0
3992,20,-101891.0
3993,20,-101891.0
3994,22,-102091.0
3995,20,-101891.0
3996,32,-103090.0
3997,20,-101891.0
3998,22,-102091.0
3999,20,-101891.0
4000,20,-101891.0
