,episode,actions,rewards
0,0,1,-1000.0
1,1,3,-1002.0
2,2,4,-1102.0
3,3,52,-1843.0
4,4,5,-1202.0
5,5,1,-1000.0
6,6,8,-1106.0
7,7,1,-1000.0
8,8,1,-1000.0
9,9,27,-1323.0
10,10,8,-1106.0
11,11,2,-1001.0
12,12,83,-2171.0
13,13,1,-1000.0
14,14,7,-1006.0
15,15,1,-1000.0
16,16,1,-1000.0
17,17,1,-1000.0
18,18,1,-1000.0
19,19,1,-1000.0
20,20,11,-1307.0
21,21,13,-1111.0
22,22,10,-1108.0
23,23,1,-1000.0
24,24,8,-1304.0
25,25,1,-1000.0
26,26,1,-1000.0
27,27,1,-1000.0
28,28,10,-1108.0
29,29,2,-1001.0
30,30,6,-1005.0
31,31,2,-1001.0
32,32,2,-1100.0
33,33,1,-1000.0
34,34,15,-1509.0
35,35,1,-1000.0
36,36,4,-1102.0
37,37,69,-1761.0
38,38,4,-1102.0
39,39,9,-1206.0
40,40,1,-1000.0
41,41,4,-1102.0
42,42,11,-1208.0
43,43,5,-1103.0
44,44,2,-1100.0
45,45,2,-1100.0
46,46,1,-1000.0
47,47,2,-1001.0
48,48,2,-1100.0
49,49,4,-1003.0
50,50,2,-1001.0
51,51,5,-1103.0
52,52,5,-1103.0
53,53,1,-1000.0
54,54,1,-1000.0
55,55,11,-1208.0
56,56,1,-1000.0
57,57,1,-1000.0
58,58,4,-1003.0
59,59,1,-1000.0
60,60,48,-1641.0
61,61,4,-1003.0
62,62,3,-1002.0
63,63,3,-1002.0
64,64,1,-1000.0
65,65,1,-1000.0
66,66,2,-1001.0
67,67,2,-1100.0
68,68,15,-1212.0
69,69,1,-1000.0
70,70,14,-1310.0
71,71,3,-1002.0
72,72,1,-1000.0
73,73,1,-1000.0
74,74,1,-1000.0
75,75,3,-1002.0
76,76,17,-1412.0
77,77,34,-1528.0
78,78,4,-1201.0
79,79,14,-1211.0
80,80,1,-1000.0
81,81,6,-1104.0
82,82,33,-1725.0
83,83,1,-1000.0
84,84,10,-1207.0
85,85,6,-1104.0
86,86,1,-1000.0
87,87,2,-1001.0
88,88,13,-1111.0
89,89,8,-1106.0
90,90,5,-1103.0
91,91,1,-1000.0
92,92,1,-1000.0
93,93,8,-1205.0
94,94,76,-2560.0
95,95,1,-1000.0
96,96,1,-1000.0
97,97,1,-1000.0
98,98,2,-1001.0
99,99,4,-1003.0
100,100,1,-1000.0
101,101,3,-1002.0
102,102,1,-1000.0
103,103,2,-1001.0
104,104,8,-1304.0
105,105,1,-1000.0
106,106,1,-1000.0
107,107,10,-1306.0
108,108,1,-1000.0
109,109,1,-1000.0
110,110,7,-1105.0
111,111,3,-1101.0
112,112,3,-1002.0
113,113,4,-1003.0
114,114,7,-1006.0
115,115,2,-1001.0
116,116,4,-1102.0
117,117,1,-1000.0
118,118,4,-1102.0
119,119,4,-1003.0
120,120,5,-1004.0
121,121,2,-1001.0
122,122,2,-1100.0
123,123,1,-1000.0
124,124,39,-1929.0
125,125,2,-1100.0
126,126,3,-1002.0
127,127,4,-1201.0
128,128,3,-1101.0
129,129,1,-1000.0
130,130,5,-1004.0
131,131,14,-1409.0
132,132,3,-1002.0
133,133,1,-1000.0
134,134,4,-1003.0
135,135,2,-1001.0
136,136,6,-1005.0
137,137,4,-1003.0
138,138,2,-1001.0
139,139,3,-1002.0
140,140,1,-1000.0
141,141,1,-1000.0
142,142,1,-1000.0
143,143,2,-1001.0
144,144,5,-1004.0
145,145,7,-1105.0
146,146,15,-1014.0
147,147,2,-1100.0
148,148,4,-1102.0
149,149,1,-1000.0
150,150,3,-1002.0
151,151,1,-1000.0
152,152,10,-1108.0
153,153,8,-1304.0
154,154,1,-1000.0
155,155,1,-1000.0
156,156,53,-1646.0
157,157,1,-1000.0
158,158,4,-1201.0
159,159,1,-1000.0
160,160,1,-1000.0
161,161,4,-1102.0
162,162,1,-1000.0
163,163,3,-1101.0
164,164,3,-1002.0
165,165,502,-10114.0
166,166,2,-1001.0
167,167,1,-1000.0
168,168,1,-1000.0
169,169,5,-1103.0
170,170,3,-1002.0
171,171,8,-1106.0
172,172,3,-1002.0
173,173,2,-1001.0
174,174,3,-1101.0
175,175,3,-1101.0
176,176,1,-1000.0
177,177,3,-1002.0
178,178,7,-1006.0
179,179,2,-1001.0
180,180,1,-1000.0
181,181,9,-1206.0
182,182,2,-1001.0
183,183,2,-1100.0
184,184,1,-1000.0
185,185,23,-1121.0
186,186,1,-1000.0
187,187,2,-1001.0
188,188,12,-1308.0
189,189,1,-1000.0
190,190,5,-1103.0
191,191,1,-1000.0
192,192,9,-1206.0
193,193,2,-1001.0
194,194,1,-1000.0
195,195,2,-1100.0
196,196,9,-1206.0
197,197,1,-1000.0
198,198,2,-1100.0
199,199,1,-1000.0
200,200,2,-1001.0
201,201,1,-1000.0
202,202,1,-1000.0
203,203,1,-1000.0
204,204,9,-1305.0
205,205,1,-1000.0
206,206,3,-1101.0
207,207,1,-1000.0
208,208,5,-1004.0
209,209,3,-1200.0
210,210,2,-1001.0
211,211,8,-1106.0
212,212,1,-1000.0
213,213,8,-1106.0
214,214,3,-1101.0
215,215,2,-1001.0
216,216,1,-1000.0
217,217,2,-1100.0
218,218,7,-1006.0
219,219,1,-1000.0
220,220,1,-1000.0
221,221,1,-1000.0
222,222,1,-1000.0
223,223,9,-1206.0
224,224,3,-1002.0
225,225,3,-1002.0
226,226,2,-1001.0
227,227,1,-1000.0
228,228,19,-1414.0
229,229,1,-1000.0
230,230,6,-1005.0
231,231,5,-1103.0
232,232,2,-1001.0
233,233,5,-1103.0
234,234,1,-1000.0
235,235,1,-1000.0
236,236,1,-1000.0
237,237,1,-1000.0
238,238,13,-1408.0
239,239,1,-1000.0
240,240,1,-1000.0
241,241,5,-1103.0
242,242,2,-1100.0
243,243,3,-1002.0
244,244,17,-1214.0
245,245,4,-1003.0
246,246,6,-1104.0
247,247,2,-1001.0
248,248,2,-1001.0
249,249,1,-1000.0
250,250,3,-1101.0
251,251,3,-1101.0
252,252,2,-1100.0
253,253,1,-1000.0
254,254,1,-1000.0
255,255,1,-1000.0
256,256,1,-1000.0
257,257,5,-1202.0
258,258,6,-1203.0
259,259,4,-1102.0
260,260,3,-1101.0
261,261,3,-1101.0
262,262,19,-1414.0
263,263,5,-1004.0
264,264,18,-1017.0
265,265,2,-1100.0
266,266,1,-1000.0
267,267,1,-1000.0
268,268,2,-1100.0
269,269,9,-1107.0
270,270,4,-1102.0
271,271,2,-1001.0
272,272,13,-1309.0
273,273,7,-1105.0
274,274,2,-1001.0
275,275,2,-1001.0
276,276,1,-1000.0
277,277,1,-1000.0
278,278,4,-1003.0
279,279,5,-1103.0
280,280,1,-1000.0
281,281,1,-1000.0
282,282,4,-1102.0
283,283,19,-1018.0
284,284,5,-1103.0
285,285,5,-1004.0
286,286,1,-1000.0
287,287,15,-1410.0
288,288,2,-1100.0
289,289,1,-1000.0
290,290,1,-1000.0
291,291,3,-1002.0
292,292,3,-1101.0
293,293,4,-1003.0
294,294,3,-1101.0
295,295,1,-1000.0
296,296,2,-1001.0
297,297,2,-1001.0
298,298,1,-1000.0
299,299,1,-1000.0
300,300,8,-1205.0
301,301,1,-1000.0
302,302,7,-1204.0
303,303,1,-1000.0
304,304,1,-1000.0
305,305,1,-1000.0
306,306,1,-1000.0
307,307,1,-1000.0
308,308,1,-1000.0
309,309,4,-1003.0
310,310,2,-1001.0
311,311,4,-1003.0
312,312,13,-1408.0
313,313,1,-1000.0
314,314,3,-1002.0
315,315,2,-1100.0
316,316,4,-1003.0
317,317,1,-1000.0
318,318,8,-1106.0
319,319,11,-1208.0
320,320,9,-1206.0
321,321,3,-1002.0
322,322,1,-1000.0
323,323,5,-1301.0
324,324,4,-1102.0
325,325,1,-1000.0
326,326,1,-1000.0
327,327,1,-1000.0
328,328,4,-1102.0
329,329,2,-1001.0
330,330,5,-1004.0
331,331,1,-1000.0
332,332,2,-1100.0
333,333,1,-1000.0
334,334,1,-1000.0
335,335,3,-1101.0
336,336,3,-1002.0
337,337,3,-1101.0
338,338,3,-1101.0
339,339,2,-1001.0
340,340,4,-1102.0
341,341,1,-1000.0
342,342,2,-1001.0
343,343,2,-1100.0
344,344,1,-1000.0
345,345,1,-1000.0
346,346,2,-1001.0
347,347,1,-1000.0
348,348,9,-1206.0
349,349,2,-1100.0
350,350,4,-1102.0
351,351,2,-1001.0
352,352,4,-1003.0
353,353,23,-1220.0
354,354,1,-1000.0
355,355,1,-1000.0
356,356,2,-1001.0
357,357,12,-1209.0
358,358,7,-1402.0
359,359,1,-1000.0
360,360,1,-1000.0
361,361,9,-1404.0
362,362,1,-1000.0
363,363,1,-1000.0
364,364,4,-1102.0
365,365,4,-1102.0
366,366,1,-1000.0
367,367,10,-1108.0
368,368,2,-1001.0
369,369,17,-1313.0
370,370,3,-1002.0
371,371,1,-1000.0
372,372,2,-1100.0
373,373,1,-1000.0
374,374,6,-1302.0
375,375,3,-1200.0
376,376,1,-1000.0
377,377,1,-1000.0
378,378,1,-1000.0
379,379,1,-1000.0
380,380,1,-1000.0
381,381,4,-1003.0
382,382,3,-1101.0
383,383,7,-1105.0
384,384,7,-1204.0
385,385,2,-1001.0
386,386,1,-1000.0
387,387,6,-1203.0
388,388,1,-1000.0
389,389,4,-1102.0
390,390,3,-1002.0
391,391,1,-1000.0
392,392,2,-1001.0
393,393,1,-1000.0
394,394,1,-1000.0
395,395,2,-1100.0
396,396,3,-1101.0
397,397,2,-1001.0
398,398,1,-1000.0
399,399,1,-1000.0
400,400,20,-1316.0
401,401,1,-1000.0
402,402,1,-1000.0
403,403,1,-1000.0
404,404,8,-1205.0
405,405,3,-1002.0
406,406,16,-1312.0
407,407,1,-1000.0
408,408,1,-1000.0
409,409,3,-1002.0
410,410,2,-1001.0
411,411,3,-1101.0
412,412,9,-1008.0
413,413,1,-1000.0
414,414,1,-1000.0
415,415,6,-1005.0
416,416,4,-1003.0
417,417,1,-1000.0
418,418,1,-1000.0
419,419,1,-1000.0
420,420,1,-1000.0
421,421,1,-1000.0
422,422,2,-1001.0
423,423,4,-1003.0
424,424,13,-1111.0
425,425,4,-1201.0
426,426,3,-1002.0
427,427,3,-1101.0
428,428,1,-1000.0
429,429,1,-1000.0
430,430,1,-1000.0
431,431,1,-1000.0
432,432,4,-1102.0
433,433,2,-1001.0
434,434,4,-1003.0
435,435,1,-1000.0
436,436,4,-1102.0
437,437,1,-1000.0
438,438,1,-1000.0
439,439,1,-1000.0
440,440,1,-1000.0
441,441,5,-1004.0
442,442,1,-1000.0
443,443,21,-1515.0
444,444,1,-1000.0
445,445,1,-1000.0
446,446,5,-1301.0
447,447,14,-1013.0
448,448,3,-1002.0
449,449,1,-1000.0
450,450,7,-1006.0
451,451,16,-1312.0
452,452,3,-1002.0
453,453,2,-1100.0
454,454,1,-1000.0
455,455,9,-1206.0
456,456,11,-1208.0
457,457,1,-1000.0
458,458,3,-1002.0
459,459,1,-1000.0
460,460,1,-1000.0
461,461,5,-1103.0
462,462,1,-1000.0
463,463,1,-1000.0
464,464,1,-1000.0
465,465,3,-1002.0
466,466,2,-1001.0
467,467,2,-1001.0
468,468,4,-1102.0
469,469,1,-1000.0
470,470,2,-1001.0
471,471,10,-1009.0
472,472,1,-1000.0
473,473,1,-1000.0
474,474,3,-1200.0
475,475,1,-1000.0
476,476,1,-1000.0
477,477,1,-1000.0
478,478,1,-1000.0
479,479,1,-1000.0
480,480,1,-1000.0
481,481,10,-1009.0
482,482,3,-1002.0
483,483,4,-1102.0
484,484,11,-1010.0
485,485,3,-1200.0
486,486,1,-1000.0
487,487,2,-1001.0
488,488,3,-1101.0
489,489,12,-1209.0
490,490,11,-1307.0
491,491,1,-1000.0
492,492,1,-1000.0
493,493,8,-1304.0
494,494,1,-1000.0
495,495,4,-1003.0
496,496,8,-1007.0
497,497,1,-1000.0
498,498,6,-1104.0
499,499,6,-1005.0
500,500,3,-1002.0
501,501,9,-1404.0
502,502,1,-1000.0
503,503,3,-1002.0
504,504,2,-1001.0
505,505,1,-1000.0
506,506,4,-1201.0
507,507,1,-1000.0
508,508,5,-1202.0
509,509,8,-1205.0
510,510,18,-1413.0
511,511,4,-1003.0
512,512,1,-1000.0
513,513,6,-1104.0
514,514,3,-1002.0
515,515,7,-1006.0
516,516,1,-1000.0
517,517,4,-1003.0
518,518,1,-1000.0
519,519,18,-1314.0
520,520,2,-1100.0
521,521,5,-1004.0
522,522,1,-1000.0
523,523,1,-1000.0
524,524,3,-1002.0
525,525,1,-1000.0
526,526,1,-1000.0
527,527,2,-1100.0
528,528,2,-1001.0
529,529,2,-1100.0
530,530,5,-1103.0
531,531,1,-1000.0
532,532,3,-1002.0
533,533,1,-1000.0
534,534,3,-1002.0
535,535,1,-1000.0
536,536,1,-1000.0
537,537,8,-1205.0
538,538,1,-1000.0
539,539,3,-1101.0
540,540,2,-1001.0
541,541,1,-1000.0
542,542,1,-1000.0
543,543,1,-1000.0
544,544,2,-1001.0
545,545,7,-1006.0
546,546,13,-1210.0
547,547,6,-1401.0
548,548,4,-1102.0
549,549,1,-1000.0
550,550,6,-1104.0
551,551,1,-1000.0
552,552,1,-1000.0
553,553,7,-1105.0
554,554,2,-1100.0
555,555,3,-1002.0
556,556,1,-1000.0
557,557,1,-1000.0
558,558,1,-1000.0
559,559,1,-1000.0
560,560,1,-1000.0
561,561,4,-1102.0
562,562,3,-1101.0
563,563,1,-1000.0
564,564,5,-1004.0
565,565,2,-1100.0
566,566,2,-1001.0
567,567,1,-1000.0
568,568,4,-1003.0
569,569,1,-1000.0
570,570,3,-1002.0
571,571,1,-1000.0
572,572,3,-1002.0
573,573,3,-1101.0
574,574,5,-1004.0
575,575,1,-1000.0
576,576,1,-1000.0
577,577,1,-1000.0
578,578,2,-1001.0
579,579,1,-1000.0
580,580,1,-1000.0
581,581,2,-1001.0
582,582,4,-1003.0
583,583,3,-1002.0
584,584,4,-1003.0
585,585,1,-1000.0
586,586,3,-1002.0
587,587,1,-1000.0
588,588,1,-1000.0
589,589,1,-1000.0
590,590,12,-1407.0
591,591,1,-1000.0
592,592,1,-1000.0
593,593,5,-1004.0
594,594,8,-1205.0
595,595,15,-1311.0
596,596,2,-1001.0
597,597,1,-1000.0
598,598,1,-1000.0
599,599,4,-1102.0
600,600,1,-1000.0
601,601,3,-1101.0
602,602,1,-1000.0
603,603,17,-1313.0
604,604,4,-1102.0
605,605,6,-1104.0
606,606,2,-1001.0
607,607,2,-1001.0
608,608,2,-1001.0
609,609,3,-1200.0
610,610,2,-1100.0
611,611,4,-1102.0
612,612,1,-1000.0
613,613,2,-1100.0
614,614,4,-1102.0
615,615,9,-1107.0
616,616,1,-1000.0
617,617,1,-1000.0
618,618,1,-1000.0
619,619,1,-1000.0
620,620,3,-1002.0
621,621,9,-1107.0
622,622,1,-1000.0
623,623,3,-1002.0
624,624,1,-1000.0
625,625,4,-1201.0
626,626,1,-1000.0
627,627,3,-1002.0
628,628,4,-1003.0
629,629,3,-1101.0
630,630,1,-1000.0
631,631,10,-1009.0
632,632,1,-1000.0
633,633,1,-1000.0
634,634,7,-1105.0
635,635,4,-1003.0
636,636,3,-1200.0
637,637,1,-1000.0
638,638,1,-1000.0
639,639,1,-1000.0
640,640,6,-1401.0
641,641,1,-1000.0
642,642,3,-1101.0
643,643,1,-1000.0
644,644,3,-1002.0
645,645,1,-1000.0
646,646,1,-1000.0
647,647,1,-1000.0
648,648,1,-1000.0
649,649,1,-1000.0
650,650,2,-1100.0
651,651,1,-1000.0
652,652,6,-1005.0
653,653,3,-1002.0
654,654,2,-1100.0
655,655,1,-1000.0
656,656,1,-1000.0
657,657,18,-1215.0
658,658,1,-1000.0
659,659,3,-1002.0
660,660,3,-1101.0
661,661,5,-1103.0
662,662,1,-1000.0
663,663,5,-1004.0
664,664,2,-1001.0
665,665,5,-1004.0
666,666,1,-1000.0
667,667,3,-1101.0
668,668,1,-1000.0
669,669,1,-1000.0
670,670,3,-1002.0
671,671,4,-1003.0
672,672,3,-1002.0
673,673,3,-1101.0
674,674,2,-1100.0
675,675,1,-1000.0
676,676,4,-1201.0
677,677,11,-1010.0
678,678,3,-1002.0
679,679,1,-1000.0
680,680,5,-1202.0
681,681,1,-1000.0
682,682,3,-1101.0
683,683,2,-1001.0
684,684,2,-1100.0
685,685,12,-1110.0
686,686,2,-1100.0
687,687,1,-1000.0
688,688,3,-1101.0
689,689,5,-1301.0
690,690,2,-1001.0
691,691,1,-1000.0
692,692,21,-1119.0
693,693,10,-1009.0
694,694,17,-1313.0
695,695,1,-1000.0
696,696,1,-1000.0
697,697,1,-1000.0
698,698,1,-1000.0
699,699,2,-1001.0
700,700,4,-1003.0
701,701,5,-1103.0
702,702,1,-1000.0
703,703,1,-1000.0
704,704,1,-1000.0
705,705,1,-1000.0
706,706,2,-1100.0
707,707,2,-1001.0
708,708,2,-1001.0
709,709,3,-1002.0
710,710,1,-1000.0
711,711,14,-1310.0
712,712,2,-1100.0
713,713,1,-1000.0
714,714,1,-1000.0
715,715,1,-1000.0
716,716,4,-1003.0
717,717,1,-1000.0
718,718,3,-1101.0
719,719,1,-1000.0
720,720,15,-1014.0
721,721,4,-1003.0
722,722,2,-1100.0
723,723,2,-1100.0
724,724,1,-1000.0
725,725,1,-1000.0
726,726,1,-1000.0
727,727,2,-1100.0
728,728,2,-1001.0
729,729,1,-1000.0
730,730,5,-1103.0
731,731,1,-1000.0
732,732,1,-1000.0
733,733,3,-1101.0
734,734,1,-1000.0
735,735,2,-1100.0
736,736,2,-1100.0
737,737,6,-1104.0
738,738,1,-1000.0
739,739,1,-1000.0
740,740,1,-1000.0
741,741,3,-1101.0
742,742,3,-1101.0
743,743,3,-1002.0
744,744,6,-1005.0
745,745,1,-1000.0
746,746,1,-1000.0
747,747,5,-1202.0
748,748,2,-1001.0
749,749,4,-1003.0
750,750,4,-1102.0
751,751,1,-1000.0
752,752,1,-1000.0
753,753,1,-1000.0
754,754,1,-1000.0
755,755,4,-1102.0
756,756,1,-1000.0
757,757,7,-1006.0
758,758,3,-1002.0
759,759,1,-1000.0
760,760,13,-1210.0
761,761,8,-1106.0
762,762,1,-1000.0
763,763,1,-1000.0
764,764,4,-1102.0
765,765,1,-1000.0
766,766,1,-1000.0
767,767,2,-1001.0
768,768,1,-1000.0
769,769,1,-1000.0
770,770,4,-1003.0
771,771,1,-1000.0
772,772,3,-1200.0
773,773,2,-1001.0
774,774,2,-1001.0
775,775,1,-1000.0
776,776,18,-1314.0
777,777,1,-1000.0
778,778,1,-1000.0
779,779,1,-1000.0
780,780,7,-1105.0
781,781,11,-1109.0
782,782,1,-1000.0
783,783,7,-1204.0
784,784,2,-1100.0
785,785,3,-1101.0
786,786,7,-1204.0
787,787,4,-1102.0
788,788,1,-1000.0
789,789,3,-1002.0
790,790,2,-1001.0
791,791,1,-1000.0
792,792,2,-1001.0
793,793,4,-1003.0
794,794,16,-1312.0
795,795,1,-1000.0
796,796,1,-1000.0
797,797,2,-1001.0
798,798,3,-1101.0
799,799,9,-1008.0
800,800,4,-1201.0
801,801,5,-1004.0
802,802,2,-1100.0
803,803,1,-1000.0
804,804,1,-1000.0
805,805,1,-1000.0
806,806,1,-1000.0
807,807,1,-1000.0
808,808,2,-1001.0
809,809,2,-1100.0
810,810,1,-1000.0
811,811,1,-1000.0
812,812,1,-1000.0
813,813,10,-1207.0
814,814,1,-1000.0
815,815,1,-1000.0
816,816,1,-1000.0
817,817,1,-1000.0
818,818,7,-1303.0
819,819,1,-1000.0
820,820,1,-1000.0
821,821,2,-1100.0
822,822,1,-1000.0
823,823,1,-1000.0
824,824,8,-1007.0
825,825,2,-1100.0
826,826,3,-1002.0
827,827,4,-1003.0
828,828,9,-1107.0
829,829,1,-1000.0
830,830,4,-1102.0
831,831,2,-1001.0
832,832,3,-1002.0
833,833,1,-1000.0
834,834,1,-1000.0
835,835,5,-1202.0
836,836,1,-1000.0
837,837,1,-1000.0
838,838,17,-1610.0
839,839,6,-1203.0
840,840,1,-1000.0
841,841,3,-1101.0
842,842,3,-1101.0
843,843,3,-1002.0
844,844,1,-1000.0
845,845,1,-1000.0
846,846,3,-1101.0
847,847,2,-1001.0
848,848,2,-1001.0
849,849,1,-1000.0
850,850,4,-1003.0
851,851,1,-1000.0
852,852,14,-1310.0
853,853,2,-1100.0
854,854,10,-1306.0
855,855,1,-1000.0
856,856,6,-1203.0
857,857,1,-1000.0
858,858,2,-1100.0
859,859,1,-1000.0
860,860,3,-1101.0
861,861,4,-1003.0
862,862,1,-1000.0
863,863,16,-1015.0
864,864,7,-1105.0
865,865,3,-1002.0
866,866,5,-1103.0
867,867,1,-1000.0
868,868,2,-1001.0
869,869,4,-1102.0
870,870,5,-1004.0
871,871,4,-1003.0
872,872,3,-1002.0
873,873,2,-1100.0
874,874,1,-1000.0
875,875,2,-1100.0
876,876,11,-1109.0
877,877,3,-1101.0
878,878,1,-1000.0
879,879,2,-1100.0
880,880,1,-1000.0
881,881,1,-1000.0
882,882,1,-1000.0
883,883,2,-1001.0
884,884,2,-1100.0
885,885,2,-1001.0
886,886,3,-1002.0
887,887,5,-1004.0
888,888,12,-1308.0
889,889,2,-1100.0
890,890,3,-1002.0
891,891,3,-1101.0
892,892,3,-1101.0
893,893,8,-1205.0
894,894,6,-1005.0
895,895,2,-1100.0
896,896,1,-1000.0
897,897,4,-1102.0
898,898,1,-1000.0
899,899,2,-1001.0
900,900,7,-1105.0
901,901,1,-1000.0
902,902,4,-1102.0
903,903,7,-1006.0
904,904,2,-1001.0
905,905,7,-1402.0
906,906,5,-1004.0
907,907,3,-1002.0
908,908,1,-1000.0
909,909,1,-1000.0
910,910,4,-1003.0
911,911,2,-1100.0
912,912,11,-1109.0
913,913,1,-1000.0
914,914,7,-1303.0
915,915,1,-1000.0
916,916,13,-1012.0
917,917,3,-1002.0
918,918,3,-1002.0
919,919,1,-1000.0
920,920,2,-1100.0
921,921,1,-1000.0
922,922,13,-1012.0
923,923,2,-1100.0
924,924,12,-1209.0
925,925,1,-1000.0
926,926,2,-1100.0
927,927,1,-1000.0
928,928,1,-1000.0
929,929,1,-1000.0
930,930,1,-1000.0
931,931,13,-1507.0
932,932,1,-1000.0
933,933,7,-1204.0
934,934,2,-1100.0
935,935,1,-1000.0
936,936,1,-1000.0
937,937,4,-1003.0
938,938,2,-1001.0
939,939,3,-1101.0
940,940,1,-1000.0
941,941,2,-1001.0
942,942,2,-1001.0
943,943,9,-1008.0
944,944,1,-1000.0
945,945,5,-1103.0
946,946,6,-1104.0
947,947,4,-1102.0
948,948,6,-1203.0
949,949,7,-1105.0
950,950,6,-1104.0
951,951,2,-1001.0
952,952,1,-1000.0
953,953,4,-1003.0
954,954,1,-1000.0
955,955,2,-1001.0
956,956,2,-1100.0
957,957,4,-1003.0
958,958,1,-1000.0
959,959,2,-1001.0
960,960,4,-1003.0
961,961,2,-1001.0
962,962,1,-1000.0
963,963,6,-1104.0
964,964,14,-1211.0
965,965,2,-1100.0
966,966,1,-1000.0
967,967,4,-1102.0
968,968,2,-1100.0
969,969,7,-1006.0
970,970,11,-1010.0
971,971,1,-1000.0
972,972,3,-1002.0
973,973,1,-1000.0
974,974,4,-1003.0
975,975,1,-1000.0
976,976,1,-1000.0
977,977,3,-1002.0
978,978,1,-1000.0
979,979,2,-1100.0
980,980,1,-1000.0
981,981,1,-1000.0
982,982,2,-1100.0
983,983,1,-1000.0
984,984,1,-1000.0
985,985,3,-1002.0
986,986,1,-1000.0
987,987,3,-1101.0
988,988,22,-1219.0
989,989,22,-1318.0
990,990,9,-1206.0
991,991,1,-1000.0
992,992,1,-1000.0
993,993,1,-1000.0
994,994,17,-1115.0
995,995,2,-1100.0
996,996,2,-1100.0
997,997,1,-1000.0
998,998,1,-1000.0
999,999,2,-1001.0
1000,1000,2,-1100.0
1001,1001,1,-1000.0
1002,1002,1,-1000.0
1003,1003,4,-1102.0
1004,1004,2,-1001.0
1005,1005,1,-1000.0
1006,1006,1,-1000.0
1007,1007,1,-1000.0
1008,1008,1,-1000.0
1009,1009,1,-1000.0
1010,1010,9,-1008.0
1011,1011,1,-1000.0
1012,1012,1,-1000.0
1013,1013,1,-1000.0
1014,1014,1,-1000.0
1015,1015,1,-1000.0
1016,1016,1,-1000.0
1017,1017,1,-1000.0
1018,1018,9,-1107.0
1019,1019,1,-1000.0
1020,1020,1,-1000.0
1021,1021,16,-1609.0
1022,1022,1,-1000.0
1023,1023,2,-1100.0
1024,1024,2,-1001.0
1025,1025,1,-1000.0
1026,1026,7,-1204.0
1027,1027,4,-1102.0
1028,1028,1,-1000.0
1029,1029,3,-1101.0
1030,1030,2,-1001.0
1031,1031,6,-1203.0
1032,1032,9,-1008.0
1033,1033,3,-1101.0
1034,1034,9,-1206.0
1035,1035,3,-1002.0
1036,1036,3,-1101.0
1037,1037,4,-1102.0
1038,1038,4,-1102.0
1039,1039,2,-1001.0
1040,1040,1,-1000.0
1041,1041,3,-1101.0
1042,1042,1,-1000.0
1043,1043,10,-1108.0
1044,1044,2,-1100.0
1045,1045,8,-1007.0
1046,1046,2,-1001.0
1047,1047,1,-1000.0
1048,1048,2,-1001.0
1049,1049,5,-1103.0
1050,1050,2,-1001.0
1051,1051,3,-1002.0
1052,1052,5,-1004.0
1053,1053,3,-1002.0
1054,1054,5,-1103.0
1055,1055,1,-1000.0
1056,1056,2,-1100.0
1057,1057,1,-1000.0
1058,1058,6,-1005.0
1059,1059,1,-1000.0
1060,1060,1,-1000.0
1061,1061,4,-1003.0
1062,1062,2,-1100.0
1063,1063,1,-1000.0
1064,1064,1,-1000.0
1065,1065,1,-1000.0
1066,1066,2,-1100.0
1067,1067,2,-1100.0
1068,1068,1,-1000.0
1069,1069,5,-1004.0
1070,1070,3,-1002.0
1071,1071,2,-1001.0
1072,1072,1,-1000.0
1073,1073,18,-1314.0
1074,1074,2,-1001.0
1075,1075,5,-1004.0
1076,1076,4,-1003.0
1077,1077,9,-1305.0
1078,1078,1,-1000.0
1079,1079,2,-1001.0
1080,1080,1,-1000.0
1081,1081,5,-1004.0
1082,1082,4,-1102.0
1083,1083,1,-1000.0
1084,1084,4,-1201.0
1085,1085,5,-1004.0
1086,1086,3,-1002.0
1087,1087,5,-1103.0
1088,1088,2,-1001.0
1089,1089,1,-1000.0
1090,1090,1,-1000.0
1091,1091,1,-1000.0
1092,1092,2,-1001.0
1093,1093,6,-1104.0
1094,1094,6,-1104.0
1095,1095,1,-1000.0
1096,1096,2,-1001.0
1097,1097,1,-1000.0
1098,1098,3,-1002.0
1099,1099,1,-1000.0
1100,1100,1,-1000.0
1101,1101,3,-1002.0
1102,1102,1,-1000.0
1103,1103,1,-1000.0
1104,1104,7,-1204.0
1105,1105,2,-1001.0
1106,1106,1,-1000.0
1107,1107,4,-1003.0
1108,1108,7,-1105.0
1109,1109,3,-1002.0
1110,1110,1,-1000.0
1111,1111,1,-1000.0
1112,1112,2,-1100.0
1113,1113,6,-1104.0
1114,1114,6,-1005.0
1115,1115,3,-1002.0
1116,1116,3,-1002.0
1117,1117,1,-1000.0
1118,1118,2,-1001.0
1119,1119,24,-1617.0
1120,1120,2,-1001.0
1121,1121,2,-1001.0
1122,1122,1,-1000.0
1123,1123,4,-1003.0
1124,1124,3,-1101.0
1125,1125,2,-1001.0
1126,1126,1,-1000.0
1127,1127,4,-1003.0
1128,1128,2,-1001.0
1129,1129,1,-1000.0
1130,1130,2,-1100.0
1131,1131,2,-1100.0
1132,1132,2,-1001.0
1133,1133,16,-1213.0
1134,1134,3,-1002.0
1135,1135,8,-1106.0
1136,1136,5,-1004.0
1137,1137,9,-1107.0
1138,1138,1,-1000.0
1139,1139,1,-1000.0
1140,1140,2,-1001.0
1141,1141,4,-1003.0
1142,1142,1,-1000.0
1143,1143,1,-1000.0
1144,1144,2,-1100.0
1145,1145,9,-1107.0
1146,1146,2,-1001.0
1147,1147,3,-1002.0
1148,1148,4,-1003.0
1149,1149,1,-1000.0
1150,1150,6,-1104.0
1151,1151,3,-1002.0
1152,1152,1,-1000.0
1153,1153,1,-1000.0
1154,1154,1,-1000.0
1155,1155,1,-1000.0
1156,1156,2,-1001.0
1157,1157,2,-1001.0
1158,1158,11,-1307.0
1159,1159,1,-1000.0
1160,1160,6,-1104.0
1161,1161,2,-1001.0
1162,1162,4,-1003.0
1163,1163,3,-1002.0
1164,1164,1,-1000.0
1165,1165,1,-1000.0
1166,1166,3,-1002.0
1167,1167,2,-1001.0
1168,1168,2,-1001.0
1169,1169,3,-1002.0
1170,1170,11,-1010.0
1171,1171,1,-1000.0
1172,1172,1,-1000.0
1173,1173,3,-1002.0
1174,1174,1,-1000.0
1175,1175,9,-1206.0
1176,1176,1,-1000.0
1177,1177,1,-1000.0
1178,1178,3,-1002.0
1179,1179,8,-1106.0
1180,1180,2,-1001.0
1181,1181,11,-1208.0
1182,1182,13,-1111.0
1183,1183,3,-1200.0
1184,1184,3,-1002.0
1185,1185,2,-1001.0
1186,1186,4,-1102.0
1187,1187,2,-1100.0
1188,1188,1,-1000.0
1189,1189,1,-1000.0
1190,1190,4,-1003.0
1191,1191,2,-1100.0
1192,1192,1,-1000.0
1193,1193,1,-1000.0
1194,1194,1,-1000.0
1195,1195,1,-1000.0
1196,1196,2,-1001.0
1197,1197,1,-1000.0
1198,1198,2,-1001.0
1199,1199,1,-1000.0
1200,1200,1,-1000.0
1201,1201,6,-1104.0
1202,1202,3,-1002.0
1203,1203,4,-1102.0
1204,1204,1,-1000.0
1205,1205,1,-1000.0
1206,1206,4,-1003.0
1207,1207,1,-1000.0
1208,1208,1,-1000.0
1209,1209,2,-1001.0
1210,1210,1,-1000.0
1211,1211,3,-1002.0
1212,1212,1,-1000.0
1213,1213,2,-1001.0
1214,1214,1,-1000.0
1215,1215,4,-1102.0
1216,1216,1,-1000.0
1217,1217,10,-1108.0
1218,1218,1,-1000.0
1219,1219,1,-1000.0
1220,1220,22,-1318.0
1221,1221,1,-1000.0
1222,1222,2,-1100.0
1223,1223,1,-1000.0
1224,1224,1,-1000.0
1225,1225,1,-1000.0
1226,1226,2,-1001.0
1227,1227,1,-1000.0
1228,1228,5,-1103.0
1229,1229,6,-1203.0
1230,1230,1,-1000.0
1231,1231,8,-1106.0
1232,1232,1,-1000.0
1233,1233,4,-1201.0
1234,1234,4,-1003.0
1235,1235,11,-1010.0
1236,1236,1,-1000.0
1237,1237,18,-1116.0
1238,1238,1,-1000.0
1239,1239,2,-1001.0
1240,1240,11,-1307.0
1241,1241,3,-1101.0
1242,1242,10,-1306.0
1243,1243,3,-1002.0
1244,1244,1,-1000.0
1245,1245,10,-1108.0
1246,1246,1,-1000.0
1247,1247,1,-1000.0
1248,1248,1,-1000.0
1249,1249,2,-1001.0
1250,1250,2,-1001.0
1251,1251,1,-1000.0
1252,1252,1,-1000.0
1253,1253,11,-1109.0
1254,1254,1,-1000.0
1255,1255,1,-1000.0
1256,1256,1,-1000.0
1257,1257,3,-1101.0
1258,1258,2,-1001.0
1259,1259,1,-1000.0
1260,1260,4,-1102.0
1261,1261,1,-1000.0
1262,1262,4,-1201.0
1263,1263,1,-1000.0
1264,1264,10,-1207.0
1265,1265,1,-1000.0
1266,1266,3,-1002.0
1267,1267,1,-1000.0
1268,1268,1,-1000.0
1269,1269,2,-1100.0
1270,1270,1,-1000.0
1271,1271,4,-1102.0
1272,1272,4,-1003.0
1273,1273,1,-1000.0
1274,1274,3,-1002.0
1275,1275,10,-1405.0
1276,1276,1,-1000.0
1277,1277,1,-1000.0
1278,1278,14,-1211.0
1279,1279,2,-1001.0
1280,1280,3,-1101.0
1281,1281,1,-1000.0
1282,1282,2,-1001.0
1283,1283,19,-1216.0
1284,1284,1,-1000.0
1285,1285,2,-1001.0
1286,1286,2,-1001.0
1287,1287,6,-1203.0
1288,1288,14,-1112.0
1289,1289,3,-1101.0
1290,1290,1,-1000.0
1291,1291,1,-1000.0
1292,1292,4,-1003.0
1293,1293,1,-1000.0
1294,1294,1,-1000.0
1295,1295,3,-1200.0
1296,1296,2,-1100.0
1297,1297,2,-1100.0
1298,1298,1,-1000.0
1299,1299,8,-1205.0
1300,1300,7,-1006.0
1301,1301,5,-1103.0
1302,1302,1,-1000.0
1303,1303,2,-1100.0
1304,1304,5,-1202.0
1305,1305,1,-1000.0
1306,1306,13,-1408.0
1307,1307,1,-1000.0
1308,1308,5,-1004.0
1309,1309,1,-1000.0
1310,1310,3,-1002.0
1311,1311,3,-1002.0
1312,1312,2,-1100.0
1313,1313,1,-1000.0
1314,1314,3,-1002.0
1315,1315,4,-1102.0
1316,1316,1,-1000.0
1317,1317,2,-1100.0
1318,1318,1,-1000.0
1319,1319,2,-1001.0
1320,1320,2,-1100.0
1321,1321,1,-1000.0
1322,1322,1,-1000.0
1323,1323,2,-1001.0
1324,1324,2,-1100.0
1325,1325,11,-1010.0
1326,1326,1,-1000.0
1327,1327,1,-1000.0
1328,1328,1,-1000.0
1329,1329,2,-1001.0
1330,1330,1,-1000.0
1331,1331,1,-1000.0
1332,1332,2,-1001.0
1333,1333,1,-1000.0
1334,1334,2,-1100.0
1335,1335,8,-1304.0
1336,1336,2,-1001.0
1337,1337,5,-1202.0
1338,1338,6,-1005.0
1339,1339,8,-1205.0
1340,1340,7,-1105.0
1341,1341,1,-1000.0
1342,1342,8,-1205.0
1343,1343,10,-1108.0
1344,1344,1,-1000.0
1345,1345,7,-1402.0
1346,1346,3,-1002.0
1347,1347,4,-1201.0
1348,1348,6,-1104.0
1349,1349,5,-1004.0
1350,1350,1,-1000.0
1351,1351,3,-1101.0
1352,1352,5,-1103.0
1353,1353,11,-1109.0
1354,1354,10,-1009.0
1355,1355,2,-1001.0
1356,1356,3,-1101.0
1357,1357,2,-1001.0
1358,1358,3,-1002.0
1359,1359,6,-1104.0
1360,1360,1,-1000.0
1361,1361,7,-1006.0
1362,1362,3,-1002.0
1363,1363,2,-1001.0
1364,1364,1,-1000.0
1365,1365,5,-1004.0
1366,1366,1,-1000.0
1367,1367,1,-1000.0
1368,1368,11,-1208.0
1369,1369,1,-1000.0
1370,1370,3,-1101.0
1371,1371,11,-1208.0
1372,1372,10,-1207.0
1373,1373,1,-1000.0
1374,1374,3,-1101.0
1375,1375,2,-1100.0
1376,1376,3,-1101.0
1377,1377,5,-1004.0
1378,1378,5,-1004.0
1379,1379,2,-1001.0
1380,1380,1,-1000.0
1381,1381,2,-1001.0
1382,1382,6,-1104.0
1383,1383,5,-1103.0
1384,1384,1,-1000.0
1385,1385,1,-1000.0
1386,1386,15,-1410.0
1387,1387,1,-1000.0
1388,1388,5,-1004.0
1389,1389,1,-1000.0
1390,1390,3,-1101.0
1391,1391,1,-1000.0
1392,1392,1,-1000.0
1393,1393,1,-1000.0
1394,1394,1,-1000.0
1395,1395,4,-1003.0
1396,1396,1,-1000.0
1397,1397,12,-1209.0
1398,1398,1,-1000.0
1399,1399,4,-1003.0
1400,1400,5,-1103.0
1401,1401,6,-1203.0
1402,1402,7,-1204.0
1403,1403,5,-1004.0
1404,1404,15,-1113.0
1405,1405,2,-1001.0
1406,1406,1,-1000.0
1407,1407,18,-1314.0
1408,1408,1,-1000.0
1409,1409,16,-1015.0
1410,1410,6,-1104.0
1411,1411,16,-1114.0
1412,1412,13,-1210.0
1413,1413,2,-1001.0
1414,1414,1,-1000.0
1415,1415,1,-1000.0
1416,1416,1,-1000.0
1417,1417,1,-1000.0
1418,1418,6,-1005.0
1419,1419,1,-1000.0
1420,1420,11,-1307.0
1421,1421,1,-1000.0
1422,1422,1,-1000.0
1423,1423,1,-1000.0
1424,1424,1,-1000.0
1425,1425,10,-1207.0
1426,1426,6,-1005.0
1427,1427,2,-1001.0
1428,1428,1,-1000.0
1429,1429,3,-1101.0
1430,1430,6,-1005.0
1431,1431,1,-1000.0
1432,1432,4,-1003.0
1433,1433,5,-1103.0
1434,1434,8,-1106.0
1435,1435,1,-1000.0
1436,1436,3,-1101.0
1437,1437,1,-1000.0
1438,1438,1,-1000.0
1439,1439,6,-1104.0
1440,1440,1,-1000.0
1441,1441,1,-1000.0
1442,1442,1,-1000.0
1443,1443,1,-1000.0
1444,1444,3,-1200.0
1445,1445,2,-1100.0
1446,1446,1,-1000.0
1447,1447,10,-1405.0
1448,1448,6,-1104.0
1449,1449,3,-1002.0
1450,1450,2,-1001.0
1451,1451,1,-1000.0
1452,1452,8,-1304.0
1453,1453,3,-1002.0
1454,1454,9,-1404.0
1455,1455,1,-1000.0
1456,1456,2,-1001.0
1457,1457,1,-1000.0
1458,1458,4,-1102.0
1459,1459,1,-1000.0
1460,1460,3,-1101.0
1461,1461,4,-1102.0
1462,1462,6,-1104.0
1463,1463,1,-1000.0
1464,1464,2,-1001.0
1465,1465,3,-1002.0
1466,1466,1,-1000.0
1467,1467,3,-1101.0
1468,1468,1,-1000.0
1469,1469,6,-1203.0
1470,1470,2,-1001.0
1471,1471,3,-1002.0
1472,1472,2,-1001.0
1473,1473,1,-1000.0
1474,1474,1,-1000.0
1475,1475,3,-1002.0
1476,1476,2,-1001.0
1477,1477,2,-1001.0
1478,1478,6,-1104.0
1479,1479,1,-1000.0
1480,1480,4,-1003.0
1481,1481,3,-1101.0
1482,1482,3,-1002.0
1483,1483,2,-1001.0
1484,1484,6,-1302.0
1485,1485,1,-1000.0
1486,1486,3,-1002.0
1487,1487,12,-1209.0
1488,1488,1,-1000.0
1489,1489,5,-1103.0
1490,1490,3,-1101.0
1491,1491,6,-1005.0
1492,1492,1,-1000.0
1493,1493,1,-1000.0
1494,1494,5,-1004.0
1495,1495,1,-1000.0
1496,1496,3,-1002.0
1497,1497,3,-1002.0
1498,1498,3,-1002.0
1499,1499,2,-1100.0
1500,1500,9,-1404.0
1501,1501,2,-1001.0
1502,1502,1,-1000.0
1503,1503,1,-1000.0
1504,1504,1,-1000.0
1505,1505,1,-1000.0
1506,1506,2,-1001.0
1507,1507,5,-1103.0
1508,1508,1,-1000.0
1509,1509,3,-1002.0
1510,1510,1,-1000.0
1511,1511,1,-1000.0
1512,1512,1,-1000.0
1513,1513,5,-1202.0
1514,1514,4,-1003.0
1515,1515,2,-1001.0
1516,1516,7,-1105.0
1517,1517,1,-1000.0
1518,1518,2,-1100.0
1519,1519,10,-1009.0
1520,1520,1,-1000.0
1521,1521,4,-1003.0
1522,1522,2,-1100.0
1523,1523,1,-1000.0
1524,1524,1,-1000.0
1525,1525,1,-1000.0
1526,1526,3,-1002.0
1527,1527,1,-1000.0
1528,1528,1,-1000.0
1529,1529,1,-1000.0
1530,1530,2,-1100.0
1531,1531,17,-1115.0
1532,1532,2,-1001.0
1533,1533,1,-1000.0
1534,1534,2,-1001.0
1535,1535,3,-1002.0
1536,1536,3,-1002.0
1537,1537,1,-1000.0
1538,1538,4,-1003.0
1539,1539,1,-1000.0
1540,1540,2,-1001.0
1541,1541,1,-1000.0
1542,1542,1,-1000.0
1543,1543,5,-1004.0
1544,1544,1,-1000.0
1545,1545,9,-1206.0
1546,1546,4,-1003.0
1547,1547,6,-1104.0
1548,1548,4,-1102.0
1549,1549,1,-1000.0
1550,1550,1,-1000.0
1551,1551,1,-1000.0
1552,1552,1,-1000.0
1553,1553,2,-1001.0
1554,1554,2,-1001.0
1555,1555,6,-1005.0
1556,1556,1,-1000.0
1557,1557,1,-1000.0
1558,1558,1,-1000.0
1559,1559,2,-1100.0
1560,1560,1,-1000.0
1561,1561,5,-1004.0
1562,1562,1,-1000.0
1563,1563,1,-1000.0
1564,1564,1,-1000.0
1565,1565,1,-1000.0
1566,1566,1,-1000.0
1567,1567,4,-1003.0
1568,1568,1,-1000.0
1569,1569,1,-1000.0
1570,1570,4,-1102.0
1571,1571,2,-1100.0
1572,1572,1,-1000.0
1573,1573,1,-1000.0
1574,1574,3,-1002.0
1575,1575,1,-1000.0
1576,1576,5,-1103.0
1577,1577,4,-1003.0
1578,1578,3,-1002.0
1579,1579,6,-1104.0
1580,1580,1,-1000.0
1581,1581,1,-1000.0
1582,1582,3,-1002.0
1583,1583,2,-1001.0
1584,1584,4,-1102.0
1585,1585,2,-1001.0
1586,1586,13,-1210.0
1587,1587,2,-1001.0
1588,1588,1,-1000.0
1589,1589,3,-1101.0
1590,1590,1,-1000.0
1591,1591,3,-1002.0
1592,1592,1,-1000.0
1593,1593,7,-1006.0
1594,1594,1,-1000.0
1595,1595,15,-1212.0
1596,1596,1,-1000.0
1597,1597,3,-1002.0
1598,1598,3,-1002.0
1599,1599,1,-1000.0
1600,1600,3,-1200.0
1601,1601,5,-1103.0
1602,1602,2,-1100.0
1603,1603,5,-1103.0
1604,1604,1,-1000.0
1605,1605,2,-1001.0
1606,1606,2,-1001.0
1607,1607,1,-1000.0
1608,1608,1,-1000.0
1609,1609,1,-1000.0
1610,1610,9,-1008.0
1611,1611,3,-1101.0
1612,1612,2,-1100.0
1613,1613,3,-1200.0
1614,1614,13,-1111.0
1615,1615,10,-1207.0
1616,1616,1,-1000.0
1617,1617,1,-1000.0
1618,1618,5,-1301.0
1619,1619,2,-1001.0
1620,1620,3,-1002.0
1621,1621,3,-1101.0
1622,1622,1,-1000.0
1623,1623,4,-1201.0
1624,1624,1,-1000.0
1625,1625,1,-1000.0
1626,1626,2,-1100.0
1627,1627,1,-1000.0
1628,1628,8,-1106.0
1629,1629,30,-1722.0
1630,1630,5,-1103.0
1631,1631,1,-1000.0
1632,1632,3,-1101.0
1633,1633,1,-1000.0
1634,1634,8,-1205.0
1635,1635,1,-1000.0
1636,1636,7,-1105.0
1637,1637,1,-1000.0
1638,1638,4,-1003.0
1639,1639,4,-1102.0
1640,1640,1,-1000.0
1641,1641,6,-1104.0
1642,1642,3,-1101.0
1643,1643,1,-1000.0
1644,1644,4,-1003.0
1645,1645,11,-1109.0
1646,1646,1,-1000.0
1647,1647,1,-1000.0
1648,1648,2,-1001.0
1649,1649,3,-1002.0
1650,1650,1,-1000.0
1651,1651,14,-1310.0
1652,1652,4,-1003.0
1653,1653,1,-1000.0
1654,1654,2,-1001.0
1655,1655,3,-1002.0
1656,1656,1,-1000.0
1657,1657,1,-1000.0
1658,1658,1,-1000.0
1659,1659,1,-1000.0
1660,1660,1,-1000.0
1661,1661,1,-1000.0
1662,1662,3,-1101.0
1663,1663,1,-1000.0
1664,1664,1,-1000.0
1665,1665,2,-1001.0
1666,1666,2,-1001.0
1667,1667,6,-1104.0
1668,1668,3,-1002.0
1669,1669,2,-1001.0
1670,1670,21,-1218.0
1671,1671,5,-1004.0
1672,1672,1,-1000.0
1673,1673,1,-1000.0
1674,1674,6,-1104.0
1675,1675,1,-1000.0
1676,1676,3,-1002.0
1677,1677,1,-1000.0
1678,1678,2,-1001.0
1679,1679,8,-1205.0
1680,1680,1,-1000.0
1681,1681,7,-1105.0
1682,1682,1,-1000.0
1683,1683,7,-1006.0
1684,1684,3,-1002.0
1685,1685,4,-1003.0
1686,1686,10,-1009.0
1687,1687,4,-1102.0
1688,1688,2,-1001.0
1689,1689,3,-1002.0
1690,1690,4,-1102.0
1691,1691,1,-1000.0
1692,1692,2,-1100.0
1693,1693,2,-1001.0
1694,1694,2,-1001.0
1695,1695,1,-1000.0
1696,1696,1,-1000.0
1697,1697,1,-1000.0
1698,1698,3,-1002.0
1699,1699,2,-1100.0
1700,1700,1,-1000.0
1701,1701,2,-1001.0
1702,1702,1,-1000.0
1703,1703,1,-1000.0
1704,1704,1,-1000.0
1705,1705,1,-1000.0
1706,1706,7,-1204.0
1707,1707,3,-1200.0
1708,1708,2,-1001.0
1709,1709,1,-1000.0
1710,1710,7,-1204.0
1711,1711,1,-1000.0
1712,1712,6,-1005.0
1713,1713,2,-1001.0
1714,1714,6,-1005.0
1715,1715,1,-1000.0
1716,1716,3,-1002.0
1717,1717,2,-1100.0
1718,1718,1,-1000.0
1719,1719,10,-1306.0
1720,1720,2,-1001.0
1721,1721,1,-1000.0
1722,1722,1,-1000.0
1723,1723,5,-1004.0
1724,1724,14,-1112.0
1725,1725,1,-1000.0
1726,1726,1,-1000.0
1727,1727,2,-1001.0
1728,1728,4,-1102.0
1729,1729,1,-1000.0
1730,1730,1,-1000.0
1731,1731,1,-1000.0
1732,1732,2,-1100.0
1733,1733,4,-1102.0
1734,1734,7,-1204.0
1735,1735,15,-1311.0
1736,1736,1,-1000.0
1737,1737,3,-1002.0
1738,1738,1,-1000.0
1739,1739,2,-1001.0
1740,1740,1,-1000.0
1741,1741,1,-1000.0
1742,1742,8,-1205.0
1743,1743,1,-1000.0
1744,1744,1,-1000.0
1745,1745,3,-1002.0
1746,1746,2,-1100.0
1747,1747,1,-1000.0
1748,1748,1,-1000.0
1749,1749,6,-1104.0
1750,1750,2,-1001.0
1751,1751,10,-1108.0
1752,1752,1,-1000.0
1753,1753,5,-1004.0
1754,1754,10,-1207.0
1755,1755,1,-1000.0
1756,1756,20,-1514.0
1757,1757,1,-1000.0
1758,1758,4,-1102.0
1759,1759,1,-1000.0
1760,1760,2,-1001.0
1761,1761,1,-1000.0
1762,1762,6,-1104.0
1763,1763,1,-1000.0
1764,1764,5,-1004.0
1765,1765,2,-1001.0
1766,1766,1,-1000.0
1767,1767,2,-1001.0
1768,1768,2,-1100.0
1769,1769,5,-1103.0
1770,1770,3,-1002.0
1771,1771,3,-1002.0
1772,1772,1,-1000.0
1773,1773,3,-1002.0
1774,1774,2,-1100.0
1775,1775,1,-1000.0
1776,1776,1,-1000.0
1777,1777,5,-1004.0
1778,1778,7,-1006.0
1779,1779,1,-1000.0
1780,1780,2,-1001.0
1781,1781,8,-1106.0
1782,1782,3,-1002.0
1783,1783,3,-1002.0
1784,1784,1,-1000.0
1785,1785,6,-1005.0
1786,1786,4,-1003.0
1787,1787,3,-1002.0
1788,1788,2,-1001.0
1789,1789,5,-1004.0
1790,1790,1,-1000.0
1791,1791,1,-1000.0
1792,1792,3,-1101.0
1793,1793,1,-1000.0
1794,1794,6,-1104.0
1795,1795,6,-1104.0
1796,1796,2,-1100.0
1797,1797,1,-1000.0
1798,1798,5,-1103.0
1799,1799,1,-1000.0
1800,1800,5,-1004.0
1801,1801,1,-1000.0
1802,1802,1,-1000.0
1803,1803,2,-1100.0
1804,1804,11,-1109.0
1805,1805,1,-1000.0
1806,1806,3,-1002.0
1807,1807,5,-1004.0
1808,1808,2,-1001.0
1809,1809,1,-1000.0
1810,1810,2,-1001.0
1811,1811,2,-1100.0
1812,1812,6,-1104.0
1813,1813,6,-1203.0
1814,1814,7,-1204.0
1815,1815,1,-1000.0
1816,1816,1,-1000.0
1817,1817,1,-1000.0
1818,1818,1,-1000.0
1819,1819,3,-1002.0
1820,1820,1,-1000.0
1821,1821,11,-1109.0
1822,1822,1,-1000.0
1823,1823,1,-1000.0
1824,1824,2,-1001.0
1825,1825,1,-1000.0
1826,1826,2,-1001.0
1827,1827,1,-1000.0
1828,1828,2,-1100.0
1829,1829,3,-1002.0
1830,1830,4,-1102.0
1831,1831,1,-1000.0
1832,1832,3,-1101.0
1833,1833,1,-1000.0
1834,1834,3,-1002.0
1835,1835,2,-1001.0
1836,1836,1,-1000.0
1837,1837,4,-1102.0
1838,1838,3,-1101.0
1839,1839,6,-1005.0
1840,1840,9,-1107.0
1841,1841,6,-1203.0
1842,1842,1,-1000.0
1843,1843,1,-1000.0
1844,1844,1,-1000.0
1845,1845,6,-1203.0
1846,1846,3,-1002.0
1847,1847,1,-1000.0
1848,1848,1,-1000.0
1849,1849,1,-1000.0
1850,1850,4,-1003.0
1851,1851,1,-1000.0
1852,1852,2,-1001.0
1853,1853,3,-1002.0
1854,1854,6,-1104.0
1855,1855,3,-1002.0
1856,1856,8,-1106.0
1857,1857,1,-1000.0
1858,1858,1,-1000.0
1859,1859,3,-1002.0
1860,1860,3,-1002.0
1861,1861,1,-1000.0
1862,1862,1,-1000.0
1863,1863,1,-1000.0
1864,1864,1,-1000.0
1865,1865,4,-1201.0
1866,1866,2,-1001.0
1867,1867,4,-1003.0
1868,1868,3,-1101.0
1869,1869,7,-1204.0
1870,1870,4,-1003.0
1871,1871,2,-1001.0
1872,1872,1,-1000.0
1873,1873,3,-1002.0
1874,1874,1,-1000.0
1875,1875,1,-1000.0
1876,1876,1,-1000.0
1877,1877,17,-1115.0
1878,1878,4,-1201.0
1879,1879,2,-1001.0
1880,1880,2,-1100.0
1881,1881,1,-1000.0
1882,1882,4,-1102.0
1883,1883,21,-1119.0
1884,1884,1,-1000.0
1885,1885,4,-1102.0
1886,1886,1,-1000.0
1887,1887,2,-1001.0
1888,1888,1,-1000.0
1889,1889,1,-1000.0
1890,1890,1,-1000.0
1891,1891,2,-1001.0
1892,1892,1,-1000.0
1893,1893,1,-1000.0
1894,1894,1,-1000.0
1895,1895,7,-1105.0
1896,1896,7,-1006.0
1897,1897,1,-1000.0
1898,1898,2,-1100.0
1899,1899,1,-1000.0
1900,1900,3,-1101.0
1901,1901,7,-1402.0
1902,1902,1,-1000.0
1903,1903,14,-1310.0
1904,1904,1,-1000.0
1905,1905,4,-1003.0
1906,1906,1,-1000.0
1907,1907,13,-1111.0
1908,1908,1,-1000.0
1909,1909,2,-1100.0
1910,1910,1,-1000.0
1911,1911,5,-1004.0
1912,1912,3,-1002.0
1913,1913,1,-1000.0
1914,1914,2,-1100.0
1915,1915,4,-1102.0
1916,1916,1,-1000.0
1917,1917,1,-1000.0
1918,1918,4,-1102.0
1919,1919,2,-1001.0
1920,1920,6,-1104.0
1921,1921,6,-1005.0
1922,1922,12,-1110.0
1923,1923,1,-1000.0
1924,1924,1,-1000.0
1925,1925,9,-1107.0
1926,1926,1,-1000.0
1927,1927,1,-1000.0
1928,1928,2,-1100.0
1929,1929,1,-1000.0
1930,1930,1,-1000.0
1931,1931,4,-1102.0
1932,1932,10,-1009.0
1933,1933,1,-1000.0
1934,1934,4,-1003.0
1935,1935,5,-1103.0
1936,1936,10,-1009.0
1937,1937,9,-1107.0
1938,1938,5,-1004.0
1939,1939,2,-1001.0
1940,1940,1,-1000.0
1941,1941,1,-1000.0
1942,1942,1,-1000.0
1943,1943,1,-1000.0
1944,1944,3,-1101.0
1945,1945,1,-1000.0
1946,1946,3,-1002.0
1947,1947,14,-1112.0
1948,1948,5,-1202.0
1949,1949,2,-1100.0
1950,1950,12,-1407.0
1951,1951,1,-1000.0
1952,1952,7,-1105.0
1953,1953,5,-1103.0
1954,1954,5,-1103.0
1955,1955,1,-1000.0
1956,1956,13,-1111.0
1957,1957,4,-1201.0
1958,1958,1,-1000.0
1959,1959,2,-1001.0
1960,1960,2,-1001.0
1961,1961,6,-1104.0
1962,1962,6,-1203.0
1963,1963,1,-1000.0
1964,1964,1,-1000.0
1965,1965,2,-1001.0
1966,1966,2,-1100.0
1967,1967,1,-1000.0
1968,1968,2,-1100.0
1969,1969,3,-1200.0
1970,1970,1,-1000.0
1971,1971,1,-1000.0
1972,1972,2,-1001.0
1973,1973,4,-1102.0
1974,1974,1,-1000.0
1975,1975,1,-1000.0
1976,1976,2,-1001.0
1977,1977,11,-1208.0
1978,1978,2,-1001.0
1979,1979,1,-1000.0
1980,1980,2,-1100.0
1981,1981,11,-1109.0
1982,1982,3,-1002.0
1983,1983,1,-1000.0
1984,1984,1,-1000.0
1985,1985,1,-1000.0
1986,1986,8,-1007.0
1987,1987,2,-1001.0
1988,1988,1,-1000.0
1989,1989,2,-1001.0
1990,1990,13,-1111.0
1991,1991,4,-1003.0
1992,1992,1,-1000.0
1993,1993,1,-1000.0
1994,1994,3,-1101.0
1995,1995,3,-1002.0
1996,1996,12,-1209.0
1997,1997,1,-1000.0
1998,1998,1,-1000.0
1999,1999,1,-1000.0
2000,2000,1,-1000.0
2001,2001,2,-1001.0
2002,2002,1,-1000.0
2003,2003,1,-1000.0
2004,2004,1,-1000.0
2005,2005,1,-1000.0
2006,2006,2,-1001.0
2007,2007,1,-1000.0
2008,2008,4,-1003.0
2009,2009,1,-1000.0
2010,2010,2,-1100.0
2011,2011,2,-1001.0
2012,2012,1,-1000.0
2013,2013,4,-1102.0
2014,2014,1,-1000.0
2015,2015,1,-1000.0
2016,2016,1,-1000.0
2017,2017,1,-1000.0
2018,2018,3,-1002.0
2019,2019,6,-1005.0
2020,2020,3,-1002.0
2021,2021,1,-1000.0
2022,2022,1,-1000.0
2023,2023,4,-1102.0
2024,2024,2,-1001.0
2025,2025,14,-1112.0
2026,2026,1,-1000.0
2027,2027,2,-1100.0
2028,2028,5,-1202.0
2029,2029,10,-1108.0
2030,2030,6,-1104.0
2031,2031,1,-1000.0
2032,2032,2,-1001.0
2033,2033,13,-1309.0
2034,2034,3,-1002.0
2035,2035,1,-1000.0
2036,2036,10,-1108.0
2037,2037,2,-1100.0
2038,2038,1,-1000.0
2039,2039,1,-1000.0
2040,2040,2,-1001.0
2041,2041,29,-1523.0
2042,2042,1,-1000.0
2043,2043,4,-1201.0
2044,2044,1,-1000.0
2045,2045,2,-1001.0
2046,2046,9,-1206.0
2047,2047,4,-1102.0
2048,2048,2,-1001.0
2049,2049,6,-1005.0
2050,2050,1,-1000.0
2051,2051,3,-1002.0
2052,2052,3,-1002.0
2053,2053,4,-1003.0
2054,2054,1,-1000.0
2055,2055,1,-1000.0
2056,2056,1,-1000.0
2057,2057,16,-1510.0
2058,2058,3,-1002.0
2059,2059,1,-1000.0
2060,2060,1,-1000.0
2061,2061,1,-1000.0
2062,2062,1,-1000.0
2063,2063,2,-1001.0
2064,2064,1,-1000.0
2065,2065,1,-1000.0
2066,2066,1,-1000.0
2067,2067,1,-1000.0
2068,2068,3,-1002.0
2069,2069,1,-1000.0
2070,2070,1,-1000.0
2071,2071,1,-1000.0
2072,2072,1,-1000.0
2073,2073,4,-1003.0
2074,2074,7,-1105.0
2075,2075,1,-1000.0
2076,2076,1,-1000.0
2077,2077,3,-1002.0
2078,2078,3,-1002.0
2079,2079,1,-1000.0
2080,2080,2,-1100.0
2081,2081,3,-1002.0
2082,2082,1,-1000.0
2083,2083,1,-1000.0
2084,2084,5,-1004.0
2085,2085,2,-1001.0
2086,2086,2,-1100.0
2087,2087,1,-1000.0
2088,2088,3,-1002.0
2089,2089,1,-1000.0
2090,2090,1,-1000.0
2091,2091,12,-1110.0
2092,2092,7,-1105.0
2093,2093,13,-1210.0
2094,2094,14,-1409.0
2095,2095,2,-1001.0
2096,2096,1,-1000.0
2097,2097,11,-1109.0
2098,2098,2,-1100.0
2099,2099,1,-1000.0
2100,2100,3,-1002.0
2101,2101,1,-1000.0
2102,2102,2,-1001.0
2103,2103,1,-1000.0
2104,2104,5,-1103.0
2105,2105,2,-1001.0
2106,2106,1,-1000.0
2107,2107,3,-1101.0
2108,2108,1,-1000.0
2109,2109,3,-1101.0
2110,2110,1,-1000.0
2111,2111,1,-1000.0
2112,2112,2,-1100.0
2113,2113,2,-1100.0
2114,2114,1,-1000.0
2115,2115,1,-1000.0
2116,2116,2,-1100.0
2117,2117,4,-1102.0
2118,2118,1,-1000.0
2119,2119,4,-1201.0
2120,2120,13,-1111.0
2121,2121,1,-1000.0
2122,2122,1,-1000.0
2123,2123,5,-1103.0
2124,2124,1,-1000.0
2125,2125,2,-1100.0
2126,2126,3,-1002.0
2127,2127,1,-1000.0
2128,2128,2,-1001.0
2129,2129,1,-1000.0
2130,2130,1,-1000.0
2131,2131,10,-1009.0
2132,2132,1,-1000.0
2133,2133,1,-1000.0
2134,2134,1,-1000.0
2135,2135,1,-1000.0
2136,2136,4,-1003.0
2137,2137,4,-1102.0
2138,2138,6,-1203.0
2139,2139,1,-1000.0
2140,2140,1,-1000.0
2141,2141,5,-1004.0
2142,2142,1,-1000.0
2143,2143,1,-1000.0
2144,2144,1,-1000.0
2145,2145,6,-1203.0
2146,2146,2,-1001.0
2147,2147,9,-1107.0
2148,2148,1,-1000.0
2149,2149,1,-1000.0
2150,2150,6,-1005.0
2151,2151,1,-1000.0
2152,2152,2,-1001.0
2153,2153,2,-1001.0
2154,2154,1,-1000.0
2155,2155,6,-1104.0
2156,2156,10,-1207.0
2157,2157,17,-1214.0
2158,2158,1,-1000.0
2159,2159,5,-1103.0
2160,2160,4,-1201.0
2161,2161,3,-1002.0
2162,2162,9,-1008.0
2163,2163,6,-1104.0
2164,2164,1,-1000.0
2165,2165,9,-1206.0
2166,2166,3,-1002.0
2167,2167,1,-1000.0
2168,2168,6,-1203.0
2169,2169,1,-1000.0
2170,2170,2,-1001.0
2171,2171,1,-1000.0
2172,2172,1,-1000.0
2173,2173,1,-1000.0
2174,2174,1,-1000.0
2175,2175,3,-1101.0
2176,2176,1,-1000.0
2177,2177,1,-1000.0
2178,2178,1,-1000.0
2179,2179,1,-1000.0
2180,2180,2,-1001.0
2181,2181,9,-1305.0
2182,2182,1,-1000.0
2183,2183,1,-1000.0
2184,2184,1,-1000.0
2185,2185,3,-1002.0
2186,2186,3,-1002.0
2187,2187,1,-1000.0
2188,2188,2,-1001.0
2189,2189,1,-1000.0
2190,2190,4,-1102.0
2191,2191,1,-1000.0
2192,2192,1,-1000.0
2193,2193,1,-1000.0
2194,2194,3,-1101.0
2195,2195,3,-1101.0
2196,2196,2,-1001.0
2197,2197,2,-1100.0
2198,2198,1,-1000.0
2199,2199,3,-1002.0
2200,2200,1,-1000.0
2201,2201,8,-1205.0
2202,2202,3,-1002.0
2203,2203,1,-1000.0
2204,2204,1,-1000.0
2205,2205,7,-1006.0
2206,2206,18,-1215.0
2207,2207,1,-1000.0
2208,2208,4,-1102.0
2209,2209,3,-1002.0
2210,2210,1,-1000.0
2211,2211,2,-1001.0
2212,2212,1,-1000.0
2213,2213,1,-1000.0
2214,2214,4,-1102.0
2215,2215,2,-1001.0
2216,2216,1,-1000.0
2217,2217,4,-1102.0
2218,2218,6,-1302.0
2219,2219,1,-1000.0
2220,2220,1,-1000.0
2221,2221,1,-1000.0
2222,2222,1,-1000.0
2223,2223,7,-1105.0
2224,2224,2,-1100.0
2225,2225,11,-1406.0
2226,2226,5,-1004.0
2227,2227,3,-1101.0
2228,2228,2,-1001.0
2229,2229,1,-1000.0
2230,2230,1,-1000.0
2231,2231,3,-1002.0
2232,2232,2,-1100.0
2233,2233,2,-1001.0
2234,2234,1,-1000.0
2235,2235,8,-1106.0
2236,2236,7,-1105.0
2237,2237,24,-1122.0
2238,2238,2,-1001.0
2239,2239,1,-1000.0
2240,2240,3,-1101.0
2241,2241,1,-1000.0
2242,2242,1,-1000.0
2243,2243,2,-1001.0
2244,2244,1,-1000.0
2245,2245,2,-1100.0
2246,2246,17,-1412.0
2247,2247,13,-1012.0
2248,2248,3,-1002.0
2249,2249,2,-1001.0
2250,2250,2,-1001.0
2251,2251,2,-1100.0
2252,2252,8,-1106.0
2253,2253,2,-1100.0
2254,2254,3,-1101.0
2255,2255,4,-1003.0
2256,2256,3,-1101.0
2257,2257,1,-1000.0
2258,2258,15,-1410.0
2259,2259,5,-1004.0
2260,2260,5,-1202.0
2261,2261,1,-1000.0
2262,2262,3,-1101.0
2263,2263,1,-1000.0
2264,2264,1,-1000.0
2265,2265,1,-1000.0
2266,2266,1,-1000.0
2267,2267,17,-1115.0
2268,2268,1,-1000.0
2269,2269,2,-1100.0
2270,2270,7,-1204.0
2271,2271,1,-1000.0
2272,2272,4,-1003.0
2273,2273,9,-1107.0
2274,2274,1,-1000.0
2275,2275,7,-1105.0
2276,2276,9,-1206.0
2277,2277,6,-1104.0
2278,2278,1,-1000.0
2279,2279,6,-1203.0
2280,2280,4,-1102.0
2281,2281,4,-1102.0
2282,2282,1,-1000.0
2283,2283,2,-1001.0
2284,2284,2,-1100.0
2285,2285,2,-1001.0
2286,2286,1,-1000.0
2287,2287,2,-1001.0
2288,2288,5,-1004.0
2289,2289,6,-1104.0
2290,2290,4,-1102.0
2291,2291,5,-1004.0
2292,2292,1,-1000.0
2293,2293,20,-1316.0
2294,2294,3,-1101.0
2295,2295,2,-1001.0
2296,2296,14,-1112.0
2297,2297,1,-1000.0
2298,2298,3,-1101.0
2299,2299,5,-1004.0
2300,2300,3,-1002.0
2301,2301,1,-1000.0
2302,2302,8,-1205.0
2303,2303,1,-1000.0
2304,2304,3,-1002.0
2305,2305,1,-1000.0
2306,2306,4,-1102.0
2307,2307,1,-1000.0
2308,2308,1,-1000.0
2309,2309,1,-1000.0
2310,2310,1,-1000.0
2311,2311,4,-1102.0
2312,2312,3,-1002.0
2313,2313,5,-1004.0
2314,2314,15,-1212.0
2315,2315,6,-1104.0
2316,2316,1,-1000.0
2317,2317,3,-1002.0
2318,2318,1,-1000.0
2319,2319,3,-1101.0
2320,2320,4,-1003.0
2321,2321,4,-1003.0
2322,2322,2,-1100.0
2323,2323,1,-1000.0
2324,2324,3,-1002.0
2325,2325,2,-1001.0
2326,2326,1,-1000.0
2327,2327,2,-1100.0
2328,2328,9,-1305.0
2329,2329,2,-1001.0
2330,2330,1,-1000.0
2331,2331,1,-1000.0
2332,2332,1,-1000.0
2333,2333,1,-1000.0
2334,2334,1,-1000.0
2335,2335,9,-1008.0
2336,2336,9,-1206.0
2337,2337,1,-1000.0
2338,2338,1,-1000.0
2339,2339,2,-1001.0
2340,2340,1,-1000.0
2341,2341,1,-1000.0
2342,2342,3,-1101.0
2343,2343,1,-1000.0
2344,2344,2,-1001.0
2345,2345,1,-1000.0
2346,2346,1,-1000.0
2347,2347,1,-1000.0
2348,2348,11,-1208.0
2349,2349,1,-1000.0
2350,2350,4,-1102.0
2351,2351,5,-1004.0
2352,2352,2,-1001.0
2353,2353,1,-1000.0
2354,2354,1,-1000.0
2355,2355,6,-1203.0
2356,2356,4,-1003.0
2357,2357,1,-1000.0
2358,2358,1,-1000.0
2359,2359,2,-1100.0
2360,2360,1,-1000.0
2361,2361,4,-1201.0
2362,2362,2,-1001.0
2363,2363,1,-1000.0
2364,2364,1,-1000.0
2365,2365,1,-1000.0
2366,2366,1,-1000.0
2367,2367,10,-1009.0
2368,2368,2,-1001.0
2369,2369,4,-1102.0
2370,2370,1,-1000.0
2371,2371,4,-1003.0
2372,2372,1,-1000.0
2373,2373,1,-1000.0
2374,2374,4,-1201.0
2375,2375,3,-1002.0
2376,2376,3,-1002.0
2377,2377,3,-1101.0
2378,2378,6,-1005.0
2379,2379,1,-1000.0
2380,2380,1,-1000.0
2381,2381,1,-1000.0
2382,2382,2,-1001.0
2383,2383,9,-1107.0
2384,2384,1,-1000.0
2385,2385,1,-1000.0
2386,2386,6,-1005.0
2387,2387,1,-1000.0
2388,2388,2,-1001.0
2389,2389,4,-1003.0
2390,2390,2,-1001.0
2391,2391,5,-1103.0
2392,2392,3,-1101.0
2393,2393,1,-1000.0
2394,2394,7,-1006.0
2395,2395,1,-1000.0
2396,2396,1,-1000.0
2397,2397,1,-1000.0
2398,2398,1,-1000.0
2399,2399,1,-1000.0
2400,2400,3,-1002.0
2401,2401,1,-1000.0
2402,2402,3,-1101.0
2403,2403,2,-1100.0
2404,2404,4,-1102.0
2405,2405,1,-1000.0
2406,2406,9,-1206.0
2407,2407,4,-1102.0
2408,2408,1,-1000.0
2409,2409,2,-1001.0
2410,2410,2,-1001.0
2411,2411,2,-1100.0
2412,2412,1,-1000.0
2413,2413,1,-1000.0
2414,2414,11,-1109.0
2415,2415,3,-1101.0
2416,2416,1,-1000.0
2417,2417,1,-1000.0
2418,2418,2,-1001.0
2419,2419,1,-1000.0
2420,2420,2,-1001.0
2421,2421,1,-1000.0
2422,2422,1,-1000.0
2423,2423,1,-1000.0
2424,2424,1,-1000.0
2425,2425,1,-1000.0
2426,2426,1,-1000.0
2427,2427,2,-1001.0
2428,2428,7,-1105.0
2429,2429,2,-1001.0
2430,2430,5,-1103.0
2431,2431,3,-1002.0
2432,2432,3,-1002.0
2433,2433,1,-1000.0
2434,2434,3,-1002.0
2435,2435,1,-1000.0
2436,2436,2,-1001.0
2437,2437,9,-1107.0
2438,2438,3,-1002.0
2439,2439,18,-1215.0
2440,2440,5,-1004.0
2441,2441,1,-1000.0
2442,2442,4,-1102.0
2443,2443,6,-1005.0
2444,2444,2,-1001.0
2445,2445,1,-1000.0
2446,2446,2,-1001.0
2447,2447,20,-1217.0
2448,2448,3,-1002.0
2449,2449,3,-1101.0
2450,2450,1,-1000.0
2451,2451,1,-1000.0
2452,2452,3,-1002.0
2453,2453,4,-1102.0
2454,2454,1,-1000.0
2455,2455,9,-1107.0
2456,2456,1,-1000.0
2457,2457,1,-1000.0
2458,2458,1,-1000.0
2459,2459,1,-1000.0
2460,2460,2,-1001.0
2461,2461,3,-1002.0
2462,2462,4,-1003.0
2463,2463,1,-1000.0
2464,2464,1,-1000.0
2465,2465,1,-1000.0
2466,2466,3,-1101.0
2467,2467,1,-1000.0
2468,2468,2,-1001.0
2469,2469,7,-1006.0
2470,2470,2,-1001.0
2471,2471,1,-1000.0
2472,2472,1,-1000.0
2473,2473,3,-1002.0
2474,2474,1,-1000.0
2475,2475,1,-1000.0
2476,2476,1,-1000.0
2477,2477,4,-1102.0
2478,2478,2,-1100.0
2479,2479,1,-1000.0
2480,2480,3,-1002.0
2481,2481,1,-1000.0
2482,2482,1,-1000.0
2483,2483,1,-1000.0
2484,2484,2,-1100.0
2485,2485,15,-1311.0
2486,2486,1,-1000.0
2487,2487,9,-1206.0
2488,2488,4,-1003.0
2489,2489,1,-1000.0
2490,2490,7,-1006.0
2491,2491,1,-1000.0
2492,2492,9,-1206.0
2493,2493,2,-1100.0
2494,2494,11,-1307.0
2495,2495,1,-1000.0
2496,2496,5,-1004.0
2497,2497,10,-1207.0
2498,2498,2,-1100.0
2499,2499,3,-1101.0
2500,2500,2,-1001.0
2501,2501,6,-1005.0
2502,2502,2,-1001.0
2503,2503,4,-1003.0
2504,2504,5,-1004.0
2505,2505,1,-1000.0
2506,2506,2,-1001.0
2507,2507,11,-1307.0
2508,2508,6,-1104.0
2509,2509,11,-1208.0
2510,2510,1,-1000.0
2511,2511,1,-1000.0
2512,2512,1,-1000.0
2513,2513,1,-1000.0
2514,2514,8,-1106.0
2515,2515,3,-1101.0
2516,2516,1,-1000.0
2517,2517,7,-1006.0
2518,2518,1,-1000.0
2519,2519,3,-1002.0
2520,2520,13,-1309.0
2521,2521,1,-1000.0
2522,2522,3,-1200.0
2523,2523,3,-1002.0
2524,2524,2,-1001.0
2525,2525,4,-1003.0
2526,2526,19,-1018.0
2527,2527,4,-1102.0
2528,2528,1,-1000.0
2529,2529,15,-1113.0
2530,2530,1,-1000.0
2531,2531,2,-1001.0
2532,2532,1,-1000.0
2533,2533,10,-1108.0
2534,2534,8,-1007.0
2535,2535,9,-1107.0
2536,2536,1,-1000.0
2537,2537,2,-1001.0
2538,2538,1,-1000.0
2539,2539,1,-1000.0
2540,2540,8,-1304.0
2541,2541,16,-1312.0
2542,2542,3,-1002.0
2543,2543,2,-1001.0
2544,2544,1,-1000.0
2545,2545,1,-1000.0
2546,2546,1,-1000.0
2547,2547,2,-1100.0
2548,2548,4,-1003.0
2549,2549,3,-1002.0
2550,2550,1,-1000.0
2551,2551,2,-1001.0
2552,2552,2,-1001.0
2553,2553,2,-1100.0
2554,2554,1,-1000.0
2555,2555,2,-1001.0
2556,2556,1,-1000.0
2557,2557,1,-1000.0
2558,2558,1,-1000.0
2559,2559,1,-1000.0
2560,2560,7,-1105.0
2561,2561,1,-1000.0
2562,2562,10,-1009.0
2563,2563,2,-1001.0
2564,2564,2,-1001.0
2565,2565,2,-1001.0
2566,2566,3,-1002.0
2567,2567,1,-1000.0
2568,2568,1,-1000.0
2569,2569,1,-1000.0
2570,2570,8,-1106.0
2571,2571,1,-1000.0
2572,2572,1,-1000.0
2573,2573,1,-1000.0
2574,2574,1,-1000.0
2575,2575,3,-1101.0
2576,2576,3,-1002.0
2577,2577,2,-1001.0
2578,2578,4,-1003.0
2579,2579,3,-1101.0
2580,2580,5,-1103.0
2581,2581,2,-1100.0
2582,2582,1,-1000.0
2583,2583,4,-1102.0
2584,2584,1,-1000.0
2585,2585,1,-1000.0
2586,2586,1,-1000.0
2587,2587,2,-1100.0
2588,2588,1,-1000.0
2589,2589,1,-1000.0
2590,2590,6,-1104.0
2591,2591,3,-1002.0
2592,2592,3,-1002.0
2593,2593,2,-1100.0
2594,2594,1,-1000.0
2595,2595,1,-1000.0
2596,2596,1,-1000.0
2597,2597,1,-1000.0
2598,2598,2,-1001.0
2599,2599,1,-1000.0
2600,2600,2,-1100.0
2601,2601,1,-1000.0
2602,2602,3,-1002.0
2603,2603,1,-1000.0
2604,2604,5,-1103.0
2605,2605,2,-1100.0
2606,2606,2,-1001.0
2607,2607,10,-1009.0
2608,2608,1,-1000.0
2609,2609,1,-1000.0
2610,2610,3,-1101.0
2611,2611,1,-1000.0
2612,2612,1,-1000.0
2613,2613,1,-1000.0
2614,2614,1,-1000.0
2615,2615,1,-1000.0
2616,2616,1,-1000.0
2617,2617,1,-1000.0
2618,2618,4,-1003.0
2619,2619,4,-1003.0
2620,2620,1,-1000.0
2621,2621,4,-1003.0
2622,2622,4,-1003.0
2623,2623,6,-1005.0
2624,2624,1,-1000.0
2625,2625,1,-1000.0
2626,2626,1,-1000.0
2627,2627,4,-1003.0
2628,2628,1,-1000.0
2629,2629,1,-1000.0
2630,2630,2,-1001.0
2631,2631,5,-1103.0
2632,2632,3,-1101.0
2633,2633,1,-1000.0
2634,2634,5,-1004.0
2635,2635,1,-1000.0
2636,2636,1,-1000.0
2637,2637,2,-1100.0
2638,2638,3,-1002.0
2639,2639,1,-1000.0
2640,2640,1,-1000.0
2641,2641,2,-1100.0
2642,2642,15,-1212.0
2643,2643,1,-1000.0
2644,2644,16,-1213.0
2645,2645,1,-1000.0
2646,2646,2,-1001.0
2647,2647,1,-1000.0
2648,2648,1,-1000.0
2649,2649,2,-1001.0
2650,2650,2,-1001.0
2651,2651,1,-1000.0
2652,2652,2,-1100.0
2653,2653,1,-1000.0
2654,2654,6,-1005.0
2655,2655,4,-1102.0
2656,2656,1,-1000.0
2657,2657,2,-1100.0
2658,2658,1,-1000.0
2659,2659,1,-1000.0
2660,2660,1,-1000.0
2661,2661,3,-1101.0
2662,2662,2,-1001.0
2663,2663,1,-1000.0
2664,2664,3,-1002.0
2665,2665,1,-1000.0
2666,2666,1,-1000.0
2667,2667,4,-1102.0
2668,2668,6,-1005.0
2669,2669,1,-1000.0
2670,2670,3,-1101.0
2671,2671,1,-1000.0
2672,2672,9,-1107.0
2673,2673,1,-1000.0
2674,2674,8,-1106.0
2675,2675,10,-1207.0
2676,2676,2,-1001.0
2677,2677,2,-1100.0
2678,2678,1,-1000.0
2679,2679,2,-1001.0
2680,2680,1,-1000.0
2681,2681,5,-1004.0
2682,2682,2,-1001.0
2683,2683,2,-1001.0
2684,2684,5,-1004.0
2685,2685,1,-1000.0
2686,2686,1,-1000.0
2687,2687,1,-1000.0
2688,2688,2,-1001.0
2689,2689,2,-1001.0
2690,2690,1,-1000.0
2691,2691,1,-1000.0
2692,2692,1,-1000.0
2693,2693,1,-1000.0
2694,2694,2,-1100.0
2695,2695,1,-1000.0
2696,2696,1,-1000.0
2697,2697,2,-1100.0
2698,2698,3,-1002.0
2699,2699,1,-1000.0
2700,2700,24,-1122.0
2701,2701,7,-1105.0
2702,2702,1,-1000.0
2703,2703,3,-1002.0
2704,2704,3,-1002.0
2705,2705,2,-1100.0
2706,2706,2,-1100.0
2707,2707,7,-1105.0
2708,2708,1,-1000.0
2709,2709,3,-1101.0
2710,2710,7,-1204.0
2711,2711,1,-1000.0
2712,2712,13,-1210.0
2713,2713,2,-1001.0
2714,2714,3,-1101.0
2715,2715,1,-1000.0
2716,2716,3,-1002.0
2717,2717,10,-1009.0
2718,2718,1,-1000.0
2719,2719,2,-1001.0
2720,2720,3,-1101.0
2721,2721,1,-1000.0
2722,2722,1,-1000.0
2723,2723,28,-1423.0
2724,2724,3,-1002.0
2725,2725,1,-1000.0
2726,2726,1,-1000.0
2727,2727,1,-1000.0
2728,2728,1,-1000.0
2729,2729,1,-1000.0
2730,2730,2,-1001.0
2731,2731,1,-1000.0
2732,2732,4,-1102.0
2733,2733,2,-1001.0
2734,2734,1,-1000.0
2735,2735,2,-1001.0
2736,2736,2,-1001.0
2737,2737,5,-1004.0
2738,2738,2,-1001.0
2739,2739,2,-1100.0
2740,2740,1,-1000.0
2741,2741,1,-1000.0
2742,2742,1,-1000.0
2743,2743,7,-1204.0
2744,2744,2,-1001.0
2745,2745,2,-1001.0
2746,2746,2,-1100.0
2747,2747,1,-1000.0
2748,2748,1,-1000.0
2749,2749,2,-1001.0
2750,2750,1,-1000.0
2751,2751,7,-1006.0
2752,2752,1,-1000.0
2753,2753,1,-1000.0
2754,2754,1,-1000.0
2755,2755,1,-1000.0
2756,2756,1,-1000.0
2757,2757,2,-1001.0
2758,2758,3,-1101.0
2759,2759,19,-1216.0
2760,2760,1,-1000.0
2761,2761,3,-1101.0
2762,2762,3,-1002.0
2763,2763,5,-1103.0
2764,2764,4,-1102.0
2765,2765,10,-1009.0
2766,2766,1,-1000.0
2767,2767,1,-1000.0
2768,2768,2,-1100.0
2769,2769,3,-1002.0
2770,2770,1,-1000.0
2771,2771,5,-1202.0
2772,2772,5,-1103.0
2773,2773,1,-1000.0
2774,2774,6,-1104.0
2775,2775,1,-1000.0
2776,2776,2,-1100.0
2777,2777,4,-1102.0
2778,2778,1,-1000.0
2779,2779,1,-1000.0
2780,2780,2,-1100.0
2781,2781,1,-1000.0
2782,2782,9,-1107.0
2783,2783,1,-1000.0
2784,2784,2,-1001.0
2785,2785,2,-1001.0
2786,2786,2,-1001.0
2787,2787,1,-1000.0
2788,2788,2,-1100.0
2789,2789,2,-1100.0
2790,2790,2,-1001.0
2791,2791,3,-1101.0
2792,2792,11,-1010.0
2793,2793,8,-1106.0
2794,2794,2,-1001.0
2795,2795,1,-1000.0
2796,2796,7,-1006.0
2797,2797,1,-1000.0
2798,2798,3,-1002.0
2799,2799,2,-1001.0
2800,2800,3,-1002.0
2801,2801,1,-1000.0
2802,2802,2,-1100.0
2803,2803,2,-1001.0
2804,2804,3,-1002.0
2805,2805,5,-1103.0
2806,2806,6,-1302.0
2807,2807,7,-1006.0
2808,2808,1,-1000.0
2809,2809,1,-1000.0
2810,2810,8,-1106.0
2811,2811,3,-1200.0
2812,2812,1,-1000.0
2813,2813,1,-1000.0
2814,2814,1,-1000.0
2815,2815,1,-1000.0
2816,2816,1,-1000.0
2817,2817,2,-1001.0
2818,2818,1,-1000.0
2819,2819,7,-1105.0
2820,2820,1,-1000.0
2821,2821,3,-1002.0
2822,2822,10,-1207.0
2823,2823,1,-1000.0
2824,2824,4,-1102.0
2825,2825,4,-1102.0
2826,2826,1,-1000.0
2827,2827,1,-1000.0
2828,2828,1,-1000.0
2829,2829,3,-1002.0
2830,2830,1,-1000.0
2831,2831,3,-1002.0
2832,2832,1,-1000.0
2833,2833,5,-1004.0
2834,2834,1,-1000.0
2835,2835,3,-1002.0
2836,2836,1,-1000.0
2837,2837,7,-1006.0
2838,2838,8,-1106.0
2839,2839,1,-1000.0
2840,2840,1,-1000.0
2841,2841,13,-1210.0
2842,2842,1,-1000.0
2843,2843,7,-1006.0
2844,2844,2,-1001.0
2845,2845,8,-1007.0
2846,2846,1,-1000.0
2847,2847,7,-1105.0
2848,2848,1,-1000.0
2849,2849,1,-1000.0
2850,2850,4,-1102.0
2851,2851,1,-1000.0
2852,2852,1,-1000.0
2853,2853,2,-1001.0
2854,2854,2,-1100.0
2855,2855,2,-1001.0
2856,2856,2,-1100.0
2857,2857,1,-1000.0
2858,2858,9,-1107.0
2859,2859,1,-1000.0
2860,2860,9,-1008.0
2861,2861,2,-1001.0
2862,2862,1,-1000.0
2863,2863,6,-1104.0
2864,2864,1,-1000.0
2865,2865,1,-1000.0
2866,2866,5,-1202.0
2867,2867,4,-1003.0
2868,2868,9,-1008.0
2869,2869,1,-1000.0
2870,2870,1,-1000.0
2871,2871,2,-1001.0
2872,2872,1,-1000.0
2873,2873,4,-1102.0
2874,2874,3,-1101.0
2875,2875,1,-1000.0
2876,2876,2,-1001.0
2877,2877,4,-1201.0
2878,2878,2,-1100.0
2879,2879,1,-1000.0
2880,2880,12,-1110.0
2881,2881,4,-1003.0
2882,2882,1,-1000.0
2883,2883,1,-1000.0
2884,2884,1,-1000.0
2885,2885,1,-1000.0
2886,2886,1,-1000.0
2887,2887,2,-1100.0
2888,2888,1,-1000.0
2889,2889,1,-1000.0
2890,2890,2,-1001.0
2891,2891,12,-1110.0
2892,2892,4,-1003.0
2893,2893,1,-1000.0
2894,2894,2,-1001.0
2895,2895,1,-1000.0
2896,2896,5,-1004.0
2897,2897,2,-1001.0
2898,2898,1,-1000.0
2899,2899,11,-1208.0
2900,2900,1,-1000.0
2901,2901,1,-1000.0
2902,2902,2,-1001.0
2903,2903,1,-1000.0
2904,2904,4,-1102.0
2905,2905,2,-1100.0
2906,2906,2,-1100.0
2907,2907,1,-1000.0
2908,2908,6,-1005.0
2909,2909,1,-1000.0
2910,2910,1,-1000.0
2911,2911,1,-1000.0
2912,2912,10,-1108.0
2913,2913,1,-1000.0
2914,2914,1,-1000.0
2915,2915,2,-1001.0
2916,2916,6,-1005.0
2917,2917,1,-1000.0
2918,2918,1,-1000.0
2919,2919,2,-1100.0
2920,2920,2,-1001.0
2921,2921,3,-1101.0
2922,2922,2,-1001.0
2923,2923,8,-1106.0
2924,2924,6,-1104.0
2925,2925,1,-1000.0
2926,2926,1,-1000.0
2927,2927,3,-1002.0
2928,2928,4,-1102.0
2929,2929,3,-1002.0
2930,2930,3,-1002.0
2931,2931,3,-1200.0
2932,2932,2,-1001.0
2933,2933,5,-1103.0
2934,2934,2,-1001.0
2935,2935,1,-1000.0
2936,2936,2,-1100.0
2937,2937,1,-1000.0
2938,2938,1,-1000.0
2939,2939,2,-1001.0
2940,2940,1,-1000.0
2941,2941,2,-1001.0
2942,2942,5,-1103.0
2943,2943,2,-1001.0
2944,2944,2,-1001.0
2945,2945,5,-1103.0
2946,2946,2,-1001.0
2947,2947,2,-1001.0
2948,2948,5,-1103.0
2949,2949,2,-1001.0
2950,2950,1,-1000.0
2951,2951,2,-1100.0
2952,2952,4,-1003.0
2953,2953,2,-1100.0
2954,2954,1,-1000.0
2955,2955,3,-1101.0
2956,2956,1,-1000.0
2957,2957,2,-1001.0
2958,2958,2,-1100.0
2959,2959,2,-1001.0
2960,2960,1,-1000.0
2961,2961,3,-1002.0
2962,2962,1,-1000.0
2963,2963,5,-1103.0
2964,2964,5,-1004.0
2965,2965,2,-1100.0
2966,2966,1,-1000.0
2967,2967,20,-1217.0
2968,2968,1,-1000.0
2969,2969,3,-1002.0
2970,2970,2,-1001.0
2971,2971,1,-1000.0
2972,2972,3,-1101.0
2973,2973,10,-1207.0
2974,2974,2,-1001.0
2975,2975,6,-1104.0
2976,2976,1,-1000.0
2977,2977,1,-1000.0
2978,2978,1,-1000.0
2979,2979,9,-1008.0
2980,2980,3,-1002.0
2981,2981,7,-1105.0
2982,2982,1,-1000.0
2983,2983,2,-1001.0
2984,2984,3,-1002.0
2985,2985,4,-1102.0
2986,2986,4,-1003.0
2987,2987,13,-1111.0
2988,2988,4,-1003.0
2989,2989,1,-1000.0
2990,2990,2,-1001.0
2991,2991,5,-1103.0
2992,2992,7,-1006.0
2993,2993,7,-1105.0
2994,2994,4,-1201.0
2995,2995,2,-1001.0
2996,2996,1,-1000.0
2997,2997,7,-1006.0
2998,2998,3,-1002.0
2999,2999,3,-1101.0
3000,3000,1,-1000.0
3001,3001,9,-1206.0
3002,3002,1,-1000.0
3003,3003,1,-1000.0
3004,3004,13,-1111.0
3005,3005,3,-1002.0
3006,3006,2,-1001.0
3007,3007,3,-1101.0
3008,3008,2,-1100.0
3009,3009,16,-1114.0
3010,3010,1,-1000.0
3011,3011,1,-1000.0
3012,3012,8,-1304.0
3013,3013,3,-1002.0
3014,3014,1,-1000.0
3015,3015,2,-1001.0
3016,3016,3,-1002.0
3017,3017,1,-1000.0
3018,3018,2,-1001.0
3019,3019,5,-1004.0
3020,3020,3,-1101.0
3021,3021,2,-1100.0
3022,3022,1,-1000.0
3023,3023,1,-1000.0
3024,3024,1,-1000.0
3025,3025,3,-1002.0
3026,3026,6,-1104.0
3027,3027,1,-1000.0
3028,3028,2,-1001.0
3029,3029,1,-1000.0
3030,3030,2,-1001.0
3031,3031,8,-1106.0
3032,3032,1,-1000.0
3033,3033,6,-1005.0
3034,3034,1,-1000.0
3035,3035,1,-1000.0
3036,3036,1,-1000.0
3037,3037,2,-1001.0
3038,3038,6,-1005.0
3039,3039,4,-1102.0
3040,3040,1,-1000.0
3041,3041,1,-1000.0
3042,3042,2,-1001.0
3043,3043,1,-1000.0
3044,3044,1,-1000.0
3045,3045,2,-1001.0
3046,3046,3,-1101.0
3047,3047,13,-1111.0
3048,3048,3,-1002.0
3049,3049,2,-1100.0
3050,3050,13,-1111.0
3051,3051,4,-1003.0
3052,3052,1,-1000.0
3053,3053,2,-1001.0
3054,3054,14,-1310.0
3055,3055,2,-1001.0
3056,3056,13,-1012.0
3057,3057,3,-1002.0
3058,3058,3,-1101.0
3059,3059,1,-1000.0
3060,3060,2,-1001.0
3061,3061,2,-1001.0
3062,3062,2,-1100.0
3063,3063,2,-1001.0
3064,3064,6,-1005.0
3065,3065,2,-1001.0
3066,3066,8,-1007.0
3067,3067,1,-1000.0
3068,3068,2,-1001.0
3069,3069,2,-1001.0
3070,3070,1,-1000.0
3071,3071,2,-1001.0
3072,3072,1,-1000.0
3073,3073,3,-1002.0
3074,3074,4,-1003.0
3075,3075,1,-1000.0
3076,3076,2,-1001.0
3077,3077,3,-1002.0
3078,3078,3,-1101.0
3079,3079,1,-1000.0
3080,3080,1,-1000.0
3081,3081,1,-1000.0
3082,3082,3,-1002.0
3083,3083,1,-1000.0
3084,3084,1,-1000.0
3085,3085,1,-1000.0
3086,3086,3,-1002.0
3087,3087,1,-1000.0
3088,3088,15,-1113.0
3089,3089,1,-1000.0
3090,3090,23,-1220.0
3091,3091,3,-1002.0
3092,3092,16,-1213.0
3093,3093,1,-1000.0
3094,3094,4,-1003.0
3095,3095,1,-1000.0
3096,3096,2,-1001.0
3097,3097,1,-1000.0
3098,3098,1,-1000.0
3099,3099,1,-1000.0
3100,3100,6,-1104.0
3101,3101,8,-1007.0
3102,3102,1,-1000.0
3103,3103,3,-1101.0
3104,3104,4,-1003.0
3105,3105,1,-1000.0
3106,3106,1,-1000.0
3107,3107,9,-1107.0
3108,3108,3,-1002.0
3109,3109,3,-1002.0
3110,3110,1,-1000.0
3111,3111,1,-1000.0
3112,3112,2,-1001.0
3113,3113,1,-1000.0
3114,3114,1,-1000.0
3115,3115,1,-1000.0
3116,3116,1,-1000.0
3117,3117,2,-1001.0
3118,3118,5,-1004.0
3119,3119,1,-1000.0
3120,3120,2,-1100.0
3121,3121,1,-1000.0
3122,3122,2,-1100.0
3123,3123,1,-1000.0
3124,3124,1,-1000.0
3125,3125,15,-1509.0
3126,3126,3,-1002.0
3127,3127,2,-1001.0
3128,3128,1,-1000.0
3129,3129,2,-1001.0
3130,3130,2,-1001.0
3131,3131,9,-1305.0
3132,3132,2,-1100.0
3133,3133,1,-1000.0
3134,3134,1,-1000.0
3135,3135,4,-1003.0
3136,3136,5,-1004.0
3137,3137,3,-1101.0
3138,3138,1,-1000.0
3139,3139,1,-1000.0
3140,3140,3,-1002.0
3141,3141,2,-1100.0
3142,3142,10,-1207.0
3143,3143,1,-1000.0
3144,3144,3,-1002.0
3145,3145,1,-1000.0
3146,3146,1,-1000.0
3147,3147,4,-1003.0
3148,3148,4,-1003.0
3149,3149,2,-1001.0
3150,3150,4,-1003.0
3151,3151,7,-1006.0
3152,3152,11,-1307.0
3153,3153,6,-1005.0
3154,3154,9,-1206.0
3155,3155,7,-1006.0
3156,3156,1,-1000.0
3157,3157,1,-1000.0
3158,3158,1,-1000.0
3159,3159,1,-1000.0
3160,3160,2,-1001.0
3161,3161,2,-1001.0
3162,3162,4,-1003.0
3163,3163,1,-1000.0
3164,3164,2,-1100.0
3165,3165,1,-1000.0
3166,3166,1,-1000.0
3167,3167,1,-1000.0
3168,3168,1,-1000.0
3169,3169,4,-1003.0
3170,3170,3,-1002.0
3171,3171,1,-1000.0
3172,3172,3,-1002.0
3173,3173,5,-1004.0
3174,3174,1,-1000.0
3175,3175,1,-1000.0
3176,3176,1,-1000.0
3177,3177,7,-1303.0
3178,3178,15,-1212.0
3179,3179,1,-1000.0
3180,3180,10,-1405.0
3181,3181,1,-1000.0
3182,3182,1,-1000.0
3183,3183,1,-1000.0
3184,3184,4,-1201.0
3185,3185,3,-1101.0
3186,3186,2,-1100.0
3187,3187,4,-1003.0
3188,3188,2,-1001.0
3189,3189,4,-1300.0
3190,3190,1,-1000.0
3191,3191,6,-1203.0
3192,3192,4,-1102.0
3193,3193,2,-1001.0
3194,3194,1,-1000.0
3195,3195,1,-1000.0
3196,3196,1,-1000.0
3197,3197,1,-1000.0
3198,3198,4,-1300.0
3199,3199,1,-1000.0
3200,3200,1,-1000.0
3201,3201,1,-1000.0
3202,3202,3,-1101.0
3203,3203,1,-1000.0
3204,3204,1,-1000.0
3205,3205,1,-1000.0
3206,3206,1,-1000.0
3207,3207,1,-1000.0
3208,3208,3,-1002.0
3209,3209,1,-1000.0
3210,3210,5,-1103.0
3211,3211,1,-1000.0
3212,3212,1,-1000.0
3213,3213,1,-1000.0
3214,3214,2,-1001.0
3215,3215,1,-1000.0
3216,3216,1,-1000.0
3217,3217,3,-1002.0
3218,3218,6,-1203.0
3219,3219,2,-1001.0
3220,3220,8,-1106.0
3221,3221,7,-1105.0
3222,3222,1,-1000.0
3223,3223,1,-1000.0
3224,3224,1,-1000.0
3225,3225,2,-1001.0
3226,3226,5,-1103.0
3227,3227,1,-1000.0
3228,3228,4,-1300.0
3229,3229,2,-1100.0
3230,3230,1,-1000.0
3231,3231,1,-1000.0
3232,3232,5,-1202.0
3233,3233,1,-1000.0
3234,3234,5,-1004.0
3235,3235,1,-1000.0
3236,3236,5,-1103.0
3237,3237,2,-1100.0
3238,3238,1,-1000.0
3239,3239,1,-1000.0
3240,3240,4,-1003.0
3241,3241,2,-1001.0
3242,3242,5,-1202.0
3243,3243,2,-1100.0
3244,3244,1,-1000.0
3245,3245,2,-1001.0
3246,3246,1,-1000.0
3247,3247,5,-1103.0
3248,3248,1,-1000.0
3249,3249,1,-1000.0
3250,3250,1,-1000.0
3251,3251,2,-1001.0
3252,3252,2,-1100.0
3253,3253,8,-1502.0
3254,3254,5,-1103.0
3255,3255,4,-1003.0
3256,3256,1,-1000.0
3257,3257,3,-1200.0
3258,3258,2,-1001.0
3259,3259,5,-1103.0
3260,3260,7,-1006.0
3261,3261,1,-1000.0
3262,3262,9,-1008.0
3263,3263,14,-1211.0
3264,3264,1,-1000.0
3265,3265,5,-1004.0
3266,3266,14,-1013.0
3267,3267,1,-1000.0
3268,3268,2,-1001.0
3269,3269,7,-1105.0
3270,3270,1,-1000.0
3271,3271,1,-1000.0
3272,3272,3,-1002.0
3273,3273,2,-1100.0
3274,3274,2,-1001.0
3275,3275,4,-1102.0
3276,3276,4,-1300.0
3277,3277,5,-1103.0
3278,3278,3,-1002.0
3279,3279,5,-1103.0
3280,3280,7,-1006.0
3281,3281,2,-1001.0
3282,3282,2,-1100.0
3283,3283,2,-1001.0
3284,3284,22,-1417.0
3285,3285,2,-1100.0
3286,3286,4,-1201.0
3287,3287,1,-1000.0
3288,3288,2,-1001.0
3289,3289,3,-1002.0
3290,3290,2,-1100.0
3291,3291,21,-1614.0
3292,3292,1,-1000.0
3293,3293,7,-1105.0
3294,3294,1,-1000.0
3295,3295,1,-1000.0
3296,3296,3,-1101.0
3297,3297,1,-1000.0
3298,3298,2,-1001.0
3299,3299,5,-1103.0
3300,3300,2,-1001.0
3301,3301,1,-1000.0
3302,3302,3,-1002.0
3303,3303,1,-1000.0
3304,3304,1,-1000.0
3305,3305,3,-1101.0
3306,3306,1,-1000.0
3307,3307,13,-1210.0
3308,3308,1,-1000.0
3309,3309,1,-1000.0
3310,3310,5,-1301.0
3311,3311,1,-1000.0
3312,3312,2,-1001.0
3313,3313,1,-1000.0
3314,3314,1,-1000.0
3315,3315,1,-1000.0
3316,3316,1,-1000.0
3317,3317,2,-1001.0
3318,3318,8,-1106.0
3319,3319,3,-1002.0
3320,3320,1,-1000.0
3321,3321,15,-1212.0
3322,3322,2,-1100.0
3323,3323,5,-1004.0
3324,3324,2,-1100.0
3325,3325,1,-1000.0
3326,3326,3,-1002.0
3327,3327,1,-1000.0
3328,3328,2,-1001.0
3329,3329,9,-1107.0
3330,3330,3,-1101.0
3331,3331,3,-1101.0
3332,3332,6,-1104.0
3333,3333,3,-1101.0
3334,3334,1,-1000.0
3335,3335,2,-1001.0
3336,3336,1,-1000.0
3337,3337,1,-1000.0
3338,3338,2,-1001.0
3339,3339,8,-1205.0
3340,3340,1,-1000.0
3341,3341,1,-1000.0
3342,3342,2,-1001.0
3343,3343,1,-1000.0
3344,3344,9,-1206.0
3345,3345,1,-1000.0
3346,3346,1,-1000.0
3347,3347,3,-1101.0
3348,3348,2,-1001.0
3349,3349,1,-1000.0
3350,3350,1,-1000.0
3351,3351,6,-1005.0
3352,3352,5,-1301.0
3353,3353,1,-1000.0
3354,3354,2,-1001.0
3355,3355,1,-1000.0
3356,3356,9,-1107.0
3357,3357,8,-1007.0
3358,3358,3,-1002.0
3359,3359,2,-1001.0
3360,3360,5,-1103.0
3361,3361,1,-1000.0
3362,3362,10,-1108.0
3363,3363,7,-1204.0
3364,3364,4,-1102.0
3365,3365,1,-1000.0
3366,3366,4,-1102.0
3367,3367,3,-1002.0
3368,3368,4,-1102.0
3369,3369,1,-1000.0
3370,3370,4,-1102.0
3371,3371,1,-1000.0
3372,3372,1,-1000.0
3373,3373,4,-1003.0
3374,3374,1,-1000.0
3375,3375,1,-1000.0
3376,3376,1,-1000.0
3377,3377,1,-1000.0
3378,3378,1,-1000.0
3379,3379,1,-1000.0
3380,3380,1,-1000.0
3381,3381,1,-1000.0
3382,3382,2,-1001.0
3383,3383,1,-1000.0
3384,3384,1,-1000.0
3385,3385,1,-1000.0
3386,3386,1,-1000.0
3387,3387,4,-1003.0
3388,3388,2,-1100.0
3389,3389,1,-1000.0
3390,3390,3,-1002.0
3391,3391,4,-1102.0
3392,3392,1,-1000.0
3393,3393,1,-1000.0
3394,3394,2,-1001.0
3395,3395,2,-1100.0
3396,3396,5,-1004.0
3397,3397,3,-1002.0
3398,3398,6,-1203.0
3399,3399,1,-1000.0
3400,3400,6,-1203.0
3401,3401,12,-1110.0
3402,3402,4,-1102.0
3403,3403,1,-1000.0
3404,3404,1,-1000.0
3405,3405,4,-1003.0
3406,3406,4,-1003.0
3407,3407,25,-1420.0
3408,3408,9,-1107.0
3409,3409,3,-1002.0
3410,3410,1,-1000.0
3411,3411,1,-1000.0
3412,3412,1,-1000.0
3413,3413,1,-1000.0
3414,3414,1,-1000.0
3415,3415,5,-1103.0
3416,3416,1,-1000.0
3417,3417,1,-1000.0
3418,3418,2,-1001.0
3419,3419,1,-1000.0
3420,3420,6,-1005.0
3421,3421,4,-1003.0
3422,3422,2,-1100.0
3423,3423,5,-1202.0
3424,3424,3,-1002.0
3425,3425,11,-1109.0
3426,3426,1,-1000.0
3427,3427,11,-1109.0
3428,3428,1,-1000.0
3429,3429,2,-1001.0
3430,3430,1,-1000.0
3431,3431,6,-1005.0
3432,3432,1,-1000.0
3433,3433,7,-1204.0
3434,3434,1,-1000.0
3435,3435,4,-1003.0
3436,3436,17,-1313.0
3437,3437,1,-1000.0
3438,3438,2,-1001.0
3439,3439,9,-1008.0
3440,3440,2,-1001.0
3441,3441,5,-1202.0
3442,3442,1,-1000.0
3443,3443,1,-1000.0
3444,3444,1,-1000.0
3445,3445,2,-1001.0
3446,3446,1,-1000.0
3447,3447,9,-1107.0
3448,3448,12,-1110.0
3449,3449,1,-1000.0
3450,3450,2,-1001.0
3451,3451,8,-1403.0
3452,3452,5,-1004.0
3453,3453,1,-1000.0
3454,3454,1,-1000.0
3455,3455,1,-1000.0
3456,3456,2,-1001.0
3457,3457,3,-1101.0
3458,3458,1,-1000.0
3459,3459,1,-1000.0
3460,3460,2,-1001.0
3461,3461,3,-1101.0
3462,3462,3,-1002.0
3463,3463,1,-1000.0
3464,3464,2,-1001.0
3465,3465,1,-1000.0
3466,3466,1,-1000.0
3467,3467,3,-1002.0
3468,3468,5,-1103.0
3469,3469,1,-1000.0
3470,3470,2,-1001.0
3471,3471,2,-1001.0
3472,3472,2,-1001.0
3473,3473,1,-1000.0
3474,3474,10,-1306.0
3475,3475,1,-1000.0
3476,3476,2,-1001.0
3477,3477,5,-1103.0
3478,3478,2,-1100.0
3479,3479,2,-1001.0
3480,3480,1,-1000.0
3481,3481,2,-1001.0
3482,3482,5,-1004.0
3483,3483,5,-1004.0
3484,3484,1,-1000.0
3485,3485,3,-1002.0
3486,3486,2,-1100.0
3487,3487,1,-1000.0
3488,3488,1,-1000.0
3489,3489,1,-1000.0
3490,3490,1,-1000.0
3491,3491,1,-1000.0
3492,3492,1,-1000.0
3493,3493,1,-1000.0
3494,3494,5,-1202.0
3495,3495,10,-1207.0
3496,3496,3,-1002.0
3497,3497,4,-1003.0
3498,3498,5,-1004.0
3499,3499,1,-1000.0
3500,3500,2,-1001.0
3501,3501,1,-1000.0
3502,3502,7,-1006.0
3503,3503,4,-1003.0
3504,3504,2,-1100.0
3505,3505,2,-1001.0
3506,3506,3,-1002.0
3507,3507,1,-1000.0
3508,3508,1,-1000.0
3509,3509,1,-1000.0
3510,3510,2,-1001.0
3511,3511,1,-1000.0
3512,3512,6,-1203.0
3513,3513,11,-1208.0
3514,3514,2,-1001.0
3515,3515,1,-1000.0
3516,3516,1,-1000.0
3517,3517,11,-1208.0
3518,3518,4,-1102.0
3519,3519,9,-1008.0
3520,3520,1,-1000.0
3521,3521,6,-1005.0
3522,3522,1,-1000.0
3523,3523,3,-1002.0
3524,3524,1,-1000.0
3525,3525,7,-1006.0
3526,3526,1,-1000.0
3527,3527,1,-1000.0
3528,3528,2,-1001.0
3529,3529,1,-1000.0
3530,3530,2,-1001.0
3531,3531,1,-1000.0
3532,3532,1,-1000.0
3533,3533,5,-1004.0
3534,3534,1,-1000.0
3535,3535,7,-1204.0
3536,3536,6,-1104.0
3537,3537,3,-1002.0
3538,3538,1,-1000.0
3539,3539,1,-1000.0
3540,3540,1,-1000.0
3541,3541,1,-1000.0
3542,3542,4,-1003.0
3543,3543,2,-1001.0
3544,3544,1,-1000.0
3545,3545,10,-1108.0
3546,3546,2,-1001.0
3547,3547,5,-1004.0
3548,3548,1,-1000.0
3549,3549,1,-1000.0
3550,3550,2,-1100.0
3551,3551,2,-1100.0
3552,3552,1,-1000.0
3553,3553,19,-1315.0
3554,3554,2,-1100.0
3555,3555,2,-1001.0
3556,3556,4,-1003.0
3557,3557,4,-1003.0
3558,3558,1,-1000.0
3559,3559,5,-1004.0
3560,3560,1,-1000.0
3561,3561,2,-1001.0
3562,3562,6,-1104.0
3563,3563,4,-1003.0
3564,3564,8,-1304.0
3565,3565,2,-1001.0
3566,3566,3,-1101.0
3567,3567,2,-1100.0
3568,3568,3,-1002.0
3569,3569,11,-1208.0
3570,3570,2,-1001.0
3571,3571,2,-1100.0
3572,3572,1,-1000.0
3573,3573,8,-1106.0
3574,3574,2,-1001.0
3575,3575,1,-1000.0
3576,3576,1,-1000.0
3577,3577,6,-1104.0
3578,3578,2,-1001.0
3579,3579,8,-1106.0
3580,3580,1,-1000.0
3581,3581,3,-1002.0
3582,3582,2,-1001.0
3583,3583,1,-1000.0
3584,3584,3,-1002.0
3585,3585,1,-1000.0
3586,3586,2,-1001.0
3587,3587,6,-1005.0
3588,3588,1,-1000.0
3589,3589,3,-1200.0
3590,3590,2,-1100.0
3591,3591,3,-1002.0
3592,3592,1,-1000.0
3593,3593,2,-1100.0
3594,3594,6,-1104.0
3595,3595,1,-1000.0
3596,3596,5,-1103.0
3597,3597,2,-1100.0
3598,3598,1,-1000.0
3599,3599,1,-1000.0
3600,3600,3,-1101.0
3601,3601,5,-1004.0
3602,3602,1,-1000.0
3603,3603,1,-1000.0
3604,3604,7,-1006.0
3605,3605,1,-1000.0
3606,3606,1,-1000.0
3607,3607,1,-1000.0
3608,3608,2,-1001.0
3609,3609,1,-1000.0
3610,3610,4,-1003.0
3611,3611,1,-1000.0
3612,3612,4,-1201.0
3613,3613,1,-1000.0
3614,3614,1,-1000.0
3615,3615,2,-1001.0
3616,3616,1,-1000.0
3617,3617,5,-1004.0
3618,3618,2,-1100.0
3619,3619,1,-1000.0
3620,3620,1,-1000.0
3621,3621,9,-1206.0
3622,3622,4,-1003.0
3623,3623,2,-1001.0
3624,3624,2,-1001.0
3625,3625,3,-1101.0
3626,3626,5,-1103.0
3627,3627,1,-1000.0
3628,3628,5,-1004.0
3629,3629,1,-1000.0
3630,3630,1,-1000.0
3631,3631,7,-1006.0
3632,3632,1,-1000.0
3633,3633,3,-1101.0
3634,3634,12,-1308.0
3635,3635,4,-1003.0
3636,3636,7,-1006.0
3637,3637,3,-1002.0
3638,3638,4,-1102.0
3639,3639,6,-1104.0
3640,3640,1,-1000.0
3641,3641,1,-1000.0
3642,3642,5,-1004.0
3643,3643,4,-1102.0
3644,3644,9,-1206.0
3645,3645,2,-1100.0
3646,3646,3,-1101.0
3647,3647,3,-1101.0
3648,3648,1,-1000.0
3649,3649,7,-1105.0
3650,3650,5,-1004.0
3651,3651,2,-1100.0
3652,3652,7,-1204.0
3653,3653,4,-1003.0
3654,3654,2,-1100.0
3655,3655,2,-1100.0
3656,3656,1,-1000.0
3657,3657,1,-1000.0
3658,3658,1,-1000.0
3659,3659,1,-1000.0
3660,3660,7,-1105.0
3661,3661,1,-1000.0
3662,3662,4,-1003.0
3663,3663,9,-1107.0
3664,3664,2,-1001.0
3665,3665,5,-1103.0
3666,3666,2,-1001.0
3667,3667,1,-1000.0
3668,3668,1,-1000.0
3669,3669,2,-1100.0
3670,3670,12,-1308.0
3671,3671,17,-1214.0
3672,3672,4,-1003.0
3673,3673,11,-1109.0
3674,3674,1,-1000.0
3675,3675,3,-1101.0
3676,3676,2,-1001.0
3677,3677,2,-1001.0
3678,3678,1,-1000.0
3679,3679,7,-1204.0
3680,3680,1,-1000.0
3681,3681,1,-1000.0
3682,3682,3,-1002.0
3683,3683,7,-1105.0
3684,3684,4,-1102.0
3685,3685,3,-1002.0
3686,3686,1,-1000.0
3687,3687,3,-1101.0
3688,3688,1,-1000.0
3689,3689,4,-1003.0
3690,3690,1,-1000.0
3691,3691,4,-1102.0
3692,3692,1,-1000.0
3693,3693,4,-1102.0
3694,3694,2,-1001.0
3695,3695,2,-1001.0
3696,3696,3,-1002.0
3697,3697,1,-1000.0
3698,3698,2,-1100.0
3699,3699,2,-1100.0
3700,3700,2,-1001.0
3701,3701,3,-1002.0
3702,3702,1,-1000.0
3703,3703,7,-1006.0
3704,3704,1,-1000.0
3705,3705,2,-1001.0
3706,3706,1,-1000.0
3707,3707,1,-1000.0
3708,3708,3,-1002.0
3709,3709,1,-1000.0
3710,3710,14,-1211.0
3711,3711,2,-1100.0
3712,3712,2,-1001.0
3713,3713,15,-1113.0
3714,3714,7,-1105.0
3715,3715,1,-1000.0
3716,3716,3,-1200.0
3717,3717,1,-1000.0
3718,3718,4,-1102.0
3719,3719,3,-1101.0
3720,3720,1,-1000.0
3721,3721,1,-1000.0
3722,3722,3,-1002.0
3723,3723,4,-1102.0
3724,3724,6,-1005.0
3725,3725,2,-1001.0
3726,3726,1,-1000.0
3727,3727,4,-1003.0
3728,3728,2,-1001.0
3729,3729,1,-1000.0
3730,3730,10,-1009.0
3731,3731,2,-1001.0
3732,3732,4,-1102.0
3733,3733,1,-1000.0
3734,3734,12,-1209.0
3735,3735,5,-1004.0
3736,3736,2,-1001.0
3737,3737,4,-1003.0
3738,3738,1,-1000.0
3739,3739,6,-1104.0
3740,3740,1,-1000.0
3741,3741,10,-1108.0
3742,3742,5,-1004.0
3743,3743,1,-1000.0
3744,3744,14,-1013.0
3745,3745,4,-1102.0
3746,3746,1,-1000.0
3747,3747,3,-1002.0
3748,3748,10,-1108.0
3749,3749,4,-1003.0
3750,3750,2,-1001.0
3751,3751,4,-1102.0
3752,3752,2,-1001.0
3753,3753,4,-1102.0
3754,3754,1,-1000.0
3755,3755,1,-1000.0
3756,3756,1,-1000.0
3757,3757,1,-1000.0
3758,3758,1,-1000.0
3759,3759,2,-1001.0
3760,3760,1,-1000.0
3761,3761,2,-1100.0
3762,3762,1,-1000.0
3763,3763,3,-1002.0
3764,3764,2,-1100.0
3765,3765,6,-1104.0
3766,3766,1,-1000.0
3767,3767,1,-1000.0
3768,3768,11,-1208.0
3769,3769,2,-1001.0
3770,3770,1,-1000.0
3771,3771,2,-1001.0
3772,3772,1,-1000.0
3773,3773,1,-1000.0
3774,3774,4,-1201.0
3775,3775,2,-1100.0
3776,3776,1,-1000.0
3777,3777,1,-1000.0
3778,3778,1,-1000.0
3779,3779,1,-1000.0
3780,3780,1,-1000.0
3781,3781,2,-1100.0
3782,3782,1,-1000.0
3783,3783,1,-1000.0
3784,3784,1,-1000.0
3785,3785,2,-1001.0
3786,3786,3,-1002.0
3787,3787,1,-1000.0
3788,3788,2,-1100.0
3789,3789,2,-1100.0
3790,3790,1,-1000.0
3791,3791,2,-1001.0
3792,3792,5,-1004.0
3793,3793,1,-1000.0
3794,3794,10,-1108.0
3795,3795,3,-1002.0
3796,3796,7,-1006.0
3797,3797,5,-1202.0
3798,3798,2,-1100.0
3799,3799,3,-1101.0
3800,3800,3,-1002.0
3801,3801,4,-1102.0
3802,3802,1,-1000.0
3803,3803,8,-1106.0
3804,3804,1,-1000.0
3805,3805,3,-1101.0
3806,3806,1,-1000.0
3807,3807,2,-1100.0
3808,3808,6,-1005.0
3809,3809,3,-1002.0
3810,3810,2,-1100.0
3811,3811,5,-1004.0
3812,3812,1,-1000.0
3813,3813,1,-1000.0
3814,3814,1,-1000.0
3815,3815,1,-1000.0
3816,3816,4,-1201.0
3817,3817,2,-1001.0
3818,3818,2,-1001.0
3819,3819,2,-1100.0
3820,3820,1,-1000.0
3821,3821,1,-1000.0
3822,3822,2,-1001.0
3823,3823,4,-1003.0
3824,3824,1,-1000.0
3825,3825,1,-1000.0
3826,3826,8,-1106.0
3827,3827,1,-1000.0
3828,3828,6,-1005.0
3829,3829,3,-1101.0
3830,3830,3,-1101.0
3831,3831,1,-1000.0
3832,3832,4,-1102.0
3833,3833,7,-1303.0
3834,3834,4,-1003.0
3835,3835,2,-1001.0
3836,3836,1,-1000.0
3837,3837,1,-1000.0
3838,3838,4,-1102.0
3839,3839,1,-1000.0
3840,3840,2,-1100.0
3841,3841,2,-1001.0
3842,3842,2,-1001.0
3843,3843,4,-1003.0
3844,3844,3,-1002.0
3845,3845,2,-1001.0
3846,3846,2,-1001.0
3847,3847,2,-1001.0
3848,3848,2,-1001.0
3849,3849,7,-1204.0
3850,3850,9,-1008.0
3851,3851,1,-1000.0
3852,3852,2,-1100.0
3853,3853,2,-1100.0
3854,3854,1,-1000.0
3855,3855,1,-1000.0
3856,3856,3,-1101.0
3857,3857,1,-1000.0
3858,3858,7,-1105.0
3859,3859,1,-1000.0
3860,3860,13,-1111.0
3861,3861,1,-1000.0
3862,3862,6,-1104.0
3863,3863,1,-1000.0
3864,3864,2,-1001.0
3865,3865,6,-1104.0
3866,3866,1,-1000.0
3867,3867,3,-1002.0
3868,3868,1,-1000.0
3869,3869,1,-1000.0
3870,3870,1,-1000.0
3871,3871,2,-1001.0
3872,3872,1,-1000.0
3873,3873,1,-1000.0
3874,3874,1,-1000.0
3875,3875,1,-1000.0
3876,3876,1,-1000.0
3877,3877,1,-1000.0
3878,3878,1,-1000.0
3879,3879,1,-1000.0
3880,3880,1,-1000.0
3881,3881,2,-1100.0
3882,3882,3,-1002.0
3883,3883,1,-1000.0
3884,3884,1,-1000.0
3885,3885,1,-1000.0
3886,3886,1,-1000.0
3887,3887,6,-1104.0
3888,3888,3,-1002.0
3889,3889,3,-1002.0
3890,3890,7,-1105.0
3891,3891,1,-1000.0
3892,3892,1,-1000.0
3893,3893,2,-1001.0
3894,3894,3,-1002.0
3895,3895,2,-1001.0
3896,3896,5,-1004.0
3897,3897,4,-1102.0
3898,3898,1,-1000.0
3899,3899,1,-1000.0
3900,3900,4,-1003.0
3901,3901,2,-1001.0
3902,3902,3,-1002.0
3903,3903,1,-1000.0
3904,3904,3,-1101.0
3905,3905,1,-1000.0
3906,3906,2,-1001.0
3907,3907,1,-1000.0
3908,3908,1,-1000.0
3909,3909,1,-1000.0
3910,3910,1,-1000.0
3911,3911,1,-1000.0
3912,3912,1,-1000.0
3913,3913,1,-1000.0
3914,3914,1,-1000.0
3915,3915,7,-1006.0
3916,3916,1,-1000.0
3917,3917,4,-1003.0
3918,3918,3,-1002.0
3919,3919,1,-1000.0
3920,3920,1,-1000.0
3921,3921,10,-1108.0
3922,3922,3,-1002.0
3923,3923,2,-1100.0
3924,3924,3,-1101.0
3925,3925,5,-1004.0
3926,3926,7,-1006.0
3927,3927,1,-1000.0
3928,3928,2,-1001.0
3929,3929,1,-1000.0
3930,3930,7,-1105.0
3931,3931,2,-1100.0
3932,3932,1,-1000.0
3933,3933,2,-1001.0
3934,3934,5,-1004.0
3935,3935,1,-1000.0
3936,3936,7,-1204.0
3937,3937,2,-1001.0
3938,3938,3,-1002.0
3939,3939,2,-1100.0
3940,3940,4,-1102.0
3941,3941,7,-1204.0
3942,3942,1,-1000.0
3943,3943,3,-1002.0
3944,3944,1,-1000.0
3945,3945,2,-1100.0
3946,3946,4,-1003.0
3947,3947,6,-1104.0
3948,3948,1,-1000.0
3949,3949,1,-1000.0
3950,3950,2,-1100.0
3951,3951,1,-1000.0
3952,3952,2,-1100.0
3953,3953,5,-1202.0
3954,3954,1,-1000.0
3955,3955,1,-1000.0
3956,3956,4,-1003.0
3957,3957,1,-1000.0
3958,3958,1,-1000.0
3959,3959,1,-1000.0
3960,3960,1,-1000.0
3961,3961,3,-1200.0
3962,3962,1,-1000.0
3963,3963,4,-1003.0
3964,3964,1,-1000.0
3965,3965,1,-1000.0
3966,3966,2,-1100.0
3967,3967,6,-1005.0
3968,3968,2,-1001.0
3969,3969,3,-1002.0
3970,3970,5,-1103.0
3971,3971,1,-1000.0
3972,3972,2,-1001.0
3973,3973,1,-1000.0
3974,3974,1,-1000.0
3975,3975,5,-1202.0
3976,3976,1,-1000.0
3977,3977,1,-1000.0
3978,3978,1,-1000.0
3979,3979,1,-1000.0
3980,3980,2,-1001.0
3981,3981,2,-1100.0
3982,3982,3,-1002.0
3983,3983,1,-1000.0
3984,3984,6,-1104.0
3985,3985,9,-1107.0
3986,3986,1,-1000.0
3987,3987,2,-1001.0
3988,3988,2,-1100.0
3989,3989,5,-1103.0
3990,3990,1,-1000.0
3991,3991,1,-1000.0
3992,3992,5,-1004.0
3993,3993,15,-1014.0
3994,3994,2,-1100.0
3995,3995,1,-1000.0
3996,3996,2,-1100.0
3997,3997,5,-1103.0
3998,3998,1,-1000.0
3999,3999,1,-1000.0
4000,4000,1,-1000.0
4001,4001,4,-1003.0
4002,4002,8,-1007.0
4003,4003,2,-1001.0
4004,4004,1,-1000.0
4005,4005,2,-1001.0
4006,4006,4,-1102.0
4007,4007,1,-1000.0
4008,4008,1,-1000.0
4009,4009,2,-1001.0
4010,4010,2,-1100.0
4011,4011,1,-1000.0
4012,4012,1,-1000.0
4013,4013,1,-1000.0
4014,4014,1,-1000.0
4015,4015,2,-1001.0
4016,4016,1,-1000.0
4017,4017,12,-1209.0
4018,4018,3,-1101.0
4019,4019,4,-1003.0
4020,4020,4,-1102.0
4021,4021,9,-1107.0
4022,4022,1,-1000.0
4023,4023,3,-1200.0
4024,4024,2,-1100.0
4025,4025,9,-1008.0
4026,4026,2,-1001.0
4027,4027,1,-1000.0
4028,4028,1,-1000.0
4029,4029,3,-1101.0
4030,4030,1,-1000.0
4031,4031,3,-1101.0
4032,4032,2,-1001.0
4033,4033,5,-1103.0
4034,4034,1,-1000.0
4035,4035,3,-1002.0
4036,4036,4,-1003.0
4037,4037,3,-1002.0
4038,4038,4,-1201.0
4039,4039,7,-1006.0
4040,4040,1,-1000.0
4041,4041,1,-1000.0
4042,4042,1,-1000.0
4043,4043,1,-1000.0
4044,4044,1,-1000.0
4045,4045,1,-1000.0
4046,4046,2,-1001.0
4047,4047,1,-1000.0
4048,4048,5,-1004.0
4049,4049,8,-1502.0
4050,4050,1,-1000.0
4051,4051,2,-1001.0
4052,4052,1,-1000.0
4053,4053,1,-1000.0
4054,4054,6,-1104.0
4055,4055,1,-1000.0
4056,4056,1,-1000.0
4057,4057,1,-1000.0
4058,4058,1,-1000.0
4059,4059,8,-1106.0
4060,4060,10,-1207.0
4061,4061,1,-1000.0
4062,4062,2,-1001.0
4063,4063,1,-1000.0
4064,4064,1,-1000.0
4065,4065,2,-1001.0
4066,4066,3,-1002.0
4067,4067,4,-1102.0
4068,4068,1,-1000.0
4069,4069,8,-1106.0
4070,4070,3,-1101.0
4071,4071,1,-1000.0
4072,4072,2,-1001.0
4073,4073,6,-1104.0
4074,4074,1,-1000.0
4075,4075,1,-1000.0
4076,4076,1,-1000.0
4077,4077,2,-1001.0
4078,4078,4,-1003.0
4079,4079,1,-1000.0
4080,4080,2,-1001.0
4081,4081,5,-1103.0
4082,4082,3,-1002.0
4083,4083,2,-1001.0
4084,4084,2,-1100.0
4085,4085,2,-1100.0
4086,4086,5,-1004.0
4087,4087,1,-1000.0
4088,4088,1,-1000.0
4089,4089,1,-1000.0
4090,4090,2,-1001.0
4091,4091,1,-1000.0
4092,4092,4,-1102.0
4093,4093,6,-1005.0
4094,4094,12,-1011.0
4095,4095,1,-1000.0
4096,4096,1,-1000.0
4097,4097,1,-1000.0
4098,4098,5,-1004.0
4099,4099,2,-1100.0
4100,4100,6,-1005.0
4101,4101,1,-1000.0
4102,4102,2,-1100.0
4103,4103,20,-1316.0
4104,4104,4,-1102.0
4105,4105,1,-1000.0
4106,4106,3,-1002.0
4107,4107,10,-1207.0
4108,4108,1,-1000.0
4109,4109,16,-1312.0
4110,4110,2,-1100.0
4111,4111,1,-1000.0
4112,4112,2,-1001.0
4113,4113,5,-1004.0
4114,4114,1,-1000.0
4115,4115,3,-1002.0
4116,4116,3,-1002.0
4117,4117,4,-1102.0
4118,4118,5,-1103.0
4119,4119,2,-1001.0
4120,4120,9,-1008.0
4121,4121,1,-1000.0
4122,4122,4,-1102.0
4123,4123,1,-1000.0
4124,4124,5,-1103.0
4125,4125,2,-1001.0
4126,4126,1,-1000.0
4127,4127,3,-1002.0
4128,4128,6,-1104.0
4129,4129,5,-1202.0
4130,4130,1,-1000.0
4131,4131,2,-1100.0
4132,4132,1,-1000.0
4133,4133,1,-1000.0
4134,4134,1,-1000.0
4135,4135,1,-1000.0
4136,4136,1,-1000.0
4137,4137,11,-1109.0
4138,4138,2,-1001.0
4139,4139,2,-1001.0
4140,4140,2,-1100.0
4141,4141,3,-1101.0
4142,4142,2,-1001.0
4143,4143,2,-1100.0
4144,4144,1,-1000.0
4145,4145,1,-1000.0
4146,4146,4,-1003.0
4147,4147,4,-1003.0
4148,4148,7,-1303.0
4149,4149,1,-1000.0
4150,4150,2,-1100.0
4151,4151,1,-1000.0
4152,4152,3,-1101.0
4153,4153,4,-1003.0
4154,4154,1,-1000.0
4155,4155,1,-1000.0
4156,4156,1,-1000.0
4157,4157,2,-1001.0
4158,4158,1,-1000.0
4159,4159,1,-1000.0
4160,4160,2,-1001.0
4161,4161,6,-1104.0
4162,4162,3,-1002.0
4163,4163,1,-1000.0
4164,4164,9,-1107.0
4165,4165,6,-1005.0
4166,4166,1,-1000.0
4167,4167,1,-1000.0
4168,4168,1,-1000.0
4169,4169,1,-1000.0
4170,4170,1,-1000.0
4171,4171,2,-1100.0
4172,4172,3,-1002.0
4173,4173,1,-1000.0
4174,4174,10,-1108.0
4175,4175,4,-1003.0
4176,4176,3,-1101.0
4177,4177,7,-1105.0
4178,4178,6,-1005.0
4179,4179,6,-1005.0
4180,4180,3,-1002.0
4181,4181,1,-1000.0
4182,4182,1,-1000.0
4183,4183,3,-1002.0
4184,4184,2,-1001.0
4185,4185,1,-1000.0
4186,4186,1,-1000.0
4187,4187,2,-1001.0
4188,4188,6,-1104.0
4189,4189,1,-1000.0
4190,4190,2,-1001.0
4191,4191,1,-1000.0
4192,4192,3,-1002.0
4193,4193,2,-1001.0
4194,4194,1,-1000.0
4195,4195,5,-1004.0
4196,4196,6,-1203.0
4197,4197,2,-1100.0
4198,4198,3,-1002.0
4199,4199,6,-1104.0
4200,4200,1,-1000.0
4201,4201,1,-1000.0
4202,4202,3,-1002.0
4203,4203,3,-1002.0
4204,4204,2,-1001.0
4205,4205,7,-1204.0
4206,4206,9,-1107.0
4207,4207,1,-1000.0
4208,4208,2,-1001.0
4209,4209,1,-1000.0
4210,4210,8,-1007.0
4211,4211,1,-1000.0
4212,4212,2,-1001.0
4213,4213,4,-1003.0
4214,4214,1,-1000.0
4215,4215,2,-1001.0
4216,4216,1,-1000.0
4217,4217,2,-1001.0
4218,4218,2,-1001.0
4219,4219,1,-1000.0
4220,4220,1,-1000.0
4221,4221,1,-1000.0
4222,4222,1,-1000.0
4223,4223,6,-1005.0
4224,4224,5,-1202.0
4225,4225,1,-1000.0
4226,4226,1,-1000.0
4227,4227,1,-1000.0
4228,4228,2,-1100.0
4229,4229,1,-1000.0
4230,4230,1,-1000.0
4231,4231,11,-1208.0
4232,4232,2,-1001.0
4233,4233,4,-1102.0
4234,4234,3,-1002.0
4235,4235,2,-1001.0
4236,4236,1,-1000.0
4237,4237,2,-1001.0
4238,4238,4,-1003.0
4239,4239,5,-1103.0
4240,4240,1,-1000.0
4241,4241,4,-1003.0
4242,4242,6,-1203.0
4243,4243,1,-1000.0
4244,4244,4,-1003.0
4245,4245,1,-1000.0
4246,4246,4,-1003.0
4247,4247,1,-1000.0
4248,4248,2,-1001.0
4249,4249,1,-1000.0
4250,4250,1,-1000.0
4251,4251,2,-1001.0
4252,4252,2,-1001.0
4253,4253,1,-1000.0
4254,4254,1,-1000.0
4255,4255,1,-1000.0
4256,4256,5,-1004.0
4257,4257,1,-1000.0
4258,4258,1,-1000.0
4259,4259,13,-1309.0
4260,4260,1,-1000.0
4261,4261,3,-1002.0
4262,4262,1,-1000.0
4263,4263,1,-1000.0
4264,4264,2,-1001.0
4265,4265,3,-1101.0
4266,4266,1,-1000.0
4267,4267,1,-1000.0
4268,4268,2,-1001.0
4269,4269,1,-1000.0
4270,4270,3,-1002.0
4271,4271,2,-1001.0
4272,4272,1,-1000.0
4273,4273,2,-1100.0
4274,4274,18,-1017.0
4275,4275,1,-1000.0
4276,4276,13,-1408.0
4277,4277,3,-1002.0
4278,4278,1,-1000.0
4279,4279,1,-1000.0
4280,4280,1,-1000.0
4281,4281,1,-1000.0
4282,4282,1,-1000.0
4283,4283,4,-1102.0
4284,4284,1,-1000.0
4285,4285,1,-1000.0
4286,4286,2,-1001.0
4287,4287,2,-1001.0
4288,4288,2,-1001.0
4289,4289,1,-1000.0
4290,4290,1,-1000.0
4291,4291,11,-1208.0
4292,4292,6,-1104.0
4293,4293,5,-1004.0
4294,4294,5,-1004.0
4295,4295,11,-1109.0
4296,4296,10,-1108.0
4297,4297,3,-1200.0
4298,4298,1,-1000.0
4299,4299,1,-1000.0
4300,4300,2,-1001.0
4301,4301,2,-1100.0
4302,4302,1,-1000.0
4303,4303,1,-1000.0
4304,4304,2,-1100.0
4305,4305,4,-1003.0
4306,4306,1,-1000.0
4307,4307,5,-1103.0
4308,4308,1,-1000.0
4309,4309,2,-1100.0
4310,4310,3,-1101.0
4311,4311,5,-1004.0
4312,4312,5,-1103.0
4313,4313,1,-1000.0
4314,4314,1,-1000.0
4315,4315,1,-1000.0
4316,4316,1,-1000.0
4317,4317,1,-1000.0
4318,4318,3,-1002.0
4319,4319,4,-1201.0
4320,4320,2,-1001.0
4321,4321,4,-1003.0
4322,4322,2,-1001.0
4323,4323,5,-1103.0
4324,4324,1,-1000.0
4325,4325,2,-1001.0
4326,4326,3,-1101.0
4327,4327,7,-1006.0
4328,4328,1,-1000.0
4329,4329,1,-1000.0
4330,4330,2,-1100.0
4331,4331,1,-1000.0
4332,4332,2,-1100.0
4333,4333,2,-1001.0
4334,4334,1,-1000.0
4335,4335,1,-1000.0
4336,4336,3,-1002.0
4337,4337,1,-1000.0
4338,4338,6,-1005.0
4339,4339,11,-1208.0
4340,4340,3,-1002.0
4341,4341,1,-1000.0
4342,4342,1,-1000.0
4343,4343,1,-1000.0
4344,4344,4,-1003.0
4345,4345,1,-1000.0
4346,4346,1,-1000.0
4347,4347,2,-1001.0
4348,4348,1,-1000.0
4349,4349,4,-1201.0
4350,4350,1,-1000.0
4351,4351,3,-1002.0
4352,4352,5,-1004.0
4353,4353,1,-1000.0
4354,4354,1,-1000.0
4355,4355,3,-1101.0
4356,4356,1,-1000.0
4357,4357,2,-1100.0
4358,4358,1,-1000.0
4359,4359,2,-1100.0
4360,4360,2,-1001.0
4361,4361,1,-1000.0
4362,4362,1,-1000.0
4363,4363,1,-1000.0
4364,4364,3,-1002.0
4365,4365,6,-1005.0
4366,4366,5,-1103.0
4367,4367,1,-1000.0
4368,4368,2,-1100.0
4369,4369,1,-1000.0
4370,4370,12,-1011.0
4371,4371,16,-1213.0
4372,4372,29,-1424.0
4373,4373,2,-1001.0
4374,4374,1,-1000.0
4375,4375,1,-1000.0
4376,4376,1,-1000.0
4377,4377,1,-1000.0
4378,4378,2,-1001.0
4379,4379,1,-1000.0
4380,4380,1,-1000.0
4381,4381,1,-1000.0
4382,4382,4,-1102.0
4383,4383,3,-1101.0
4384,4384,3,-1002.0
4385,4385,5,-1103.0
4386,4386,2,-1001.0
4387,4387,1,-1000.0
4388,4388,1,-1000.0
4389,4389,1,-1000.0
4390,4390,3,-1002.0
4391,4391,4,-1201.0
4392,4392,1,-1000.0
4393,4393,5,-1103.0
4394,4394,2,-1001.0
4395,4395,1,-1000.0
4396,4396,5,-1103.0
4397,4397,1,-1000.0
4398,4398,1,-1000.0
4399,4399,9,-1008.0
4400,4400,1,-1000.0
4401,4401,3,-1002.0
4402,4402,1,-1000.0
4403,4403,1,-1000.0
4404,4404,2,-1100.0
4405,4405,3,-1002.0
4406,4406,1,-1000.0
4407,4407,1,-1000.0
4408,4408,1,-1000.0
4409,4409,1,-1000.0
4410,4410,1,-1000.0
4411,4411,2,-1001.0
4412,4412,6,-1203.0
4413,4413,1,-1000.0
4414,4414,5,-1103.0
4415,4415,1,-1000.0
4416,4416,4,-1003.0
4417,4417,5,-1004.0
4418,4418,1,-1000.0
4419,4419,2,-1100.0
4420,4420,2,-1001.0
4421,4421,2,-1001.0
4422,4422,6,-1005.0
4423,4423,1,-1000.0
4424,4424,2,-1001.0
4425,4425,1,-1000.0
4426,4426,4,-1201.0
4427,4427,5,-1004.0
4428,4428,3,-1002.0
4429,4429,1,-1000.0
4430,4430,1,-1000.0
4431,4431,4,-1102.0
4432,4432,1,-1000.0
4433,4433,1,-1000.0
4434,4434,1,-1000.0
4435,4435,1,-1000.0
4436,4436,1,-1000.0
4437,4437,4,-1003.0
4438,4438,2,-1001.0
4439,4439,2,-1001.0
4440,4440,1,-1000.0
4441,4441,1,-1000.0
4442,4442,1,-1000.0
4443,4443,2,-1100.0
4444,4444,1,-1000.0
4445,4445,3,-1002.0
4446,4446,1,-1000.0
4447,4447,1,-1000.0
4448,4448,9,-1107.0
4449,4449,2,-1100.0
4450,4450,1,-1000.0
4451,4451,1,-1000.0
4452,4452,1,-1000.0
4453,4453,3,-1200.0
4454,4454,10,-1108.0
4455,4455,1,-1000.0
4456,4456,1,-1000.0
4457,4457,1,-1000.0
4458,4458,1,-1000.0
4459,4459,5,-1103.0
4460,4460,1,-1000.0
4461,4461,1,-1000.0
4462,4462,7,-1204.0
4463,4463,2,-1001.0
4464,4464,1,-1000.0
4465,4465,4,-1003.0
4466,4466,1,-1000.0
4467,4467,1,-1000.0
4468,4468,2,-1100.0
4469,4469,5,-1202.0
4470,4470,5,-1103.0
4471,4471,1,-1000.0
4472,4472,2,-1001.0
4473,4473,1,-1000.0
4474,4474,5,-1103.0
4475,4475,1,-1000.0
4476,4476,8,-1205.0
4477,4477,5,-1202.0
4478,4478,1,-1000.0
4479,4479,1,-1000.0
4480,4480,1,-1000.0
4481,4481,2,-1001.0
4482,4482,1,-1000.0
4483,4483,2,-1001.0
4484,4484,1,-1000.0
4485,4485,5,-1103.0
4486,4486,2,-1100.0
4487,4487,4,-1003.0
4488,4488,2,-1001.0
4489,4489,1,-1000.0
4490,4490,1,-1000.0
4491,4491,1,-1000.0
4492,4492,10,-1306.0
4493,4493,1,-1000.0
4494,4494,1,-1000.0
4495,4495,3,-1002.0
4496,4496,3,-1002.0
4497,4497,2,-1001.0
4498,4498,1,-1000.0
4499,4499,3,-1002.0
4500,4500,5,-1004.0
4501,4501,7,-1105.0
4502,4502,1,-1000.0
4503,4503,3,-1002.0
4504,4504,9,-1206.0
4505,4505,15,-1014.0
4506,4506,4,-1003.0
4507,4507,1,-1000.0
4508,4508,1,-1000.0
4509,4509,1,-1000.0
4510,4510,6,-1005.0
4511,4511,2,-1100.0
4512,4512,1,-1000.0
4513,4513,1,-1000.0
4514,4514,3,-1101.0
4515,4515,6,-1104.0
4516,4516,3,-1002.0
4517,4517,1,-1000.0
4518,4518,1,-1000.0
4519,4519,4,-1003.0
4520,4520,1,-1000.0
4521,4521,1,-1000.0
4522,4522,3,-1002.0
4523,4523,2,-1100.0
4524,4524,1,-1000.0
4525,4525,1,-1000.0
4526,4526,1,-1000.0
4527,4527,2,-1100.0
4528,4528,1,-1000.0
4529,4529,2,-1001.0
4530,4530,1,-1000.0
4531,4531,2,-1001.0
4532,4532,4,-1003.0
4533,4533,1,-1000.0
4534,4534,3,-1101.0
4535,4535,1,-1000.0
4536,4536,1,-1000.0
4537,4537,1,-1000.0
4538,4538,2,-1100.0
4539,4539,5,-1004.0
4540,4540,1,-1000.0
4541,4541,1,-1000.0
4542,4542,8,-1205.0
4543,4543,4,-1102.0
4544,4544,1,-1000.0
4545,4545,1,-1000.0
4546,4546,6,-1104.0
4547,4547,8,-1007.0
4548,4548,3,-1002.0
4549,4549,1,-1000.0
4550,4550,3,-1002.0
4551,4551,1,-1000.0
4552,4552,3,-1002.0
4553,4553,1,-1000.0
4554,4554,3,-1101.0
4555,4555,2,-1100.0
4556,4556,1,-1000.0
4557,4557,4,-1102.0
4558,4558,1,-1000.0
4559,4559,1,-1000.0
4560,4560,10,-1009.0
4561,4561,4,-1102.0
4562,4562,4,-1003.0
4563,4563,2,-1100.0
4564,4564,4,-1003.0
4565,4565,2,-1001.0
4566,4566,11,-1109.0
4567,4567,3,-1002.0
4568,4568,1,-1000.0
4569,4569,1,-1000.0
4570,4570,2,-1100.0
4571,4571,1,-1000.0
4572,4572,2,-1001.0
4573,4573,21,-1020.0
4574,4574,1,-1000.0
4575,4575,1,-1000.0
4576,4576,4,-1003.0
4577,4577,6,-1203.0
4578,4578,3,-1002.0
4579,4579,2,-1001.0
4580,4580,2,-1001.0
4581,4581,1,-1000.0
4582,4582,6,-1203.0
4583,4583,4,-1102.0
4584,4584,1,-1000.0
4585,4585,1,-1000.0
4586,4586,3,-1101.0
4587,4587,2,-1100.0
4588,4588,1,-1000.0
4589,4589,5,-1103.0
4590,4590,1,-1000.0
4591,4591,2,-1100.0
4592,4592,1,-1000.0
4593,4593,2,-1001.0
4594,4594,1,-1000.0
4595,4595,2,-1100.0
4596,4596,2,-1001.0
4597,4597,3,-1101.0
4598,4598,1,-1000.0
4599,4599,2,-1001.0
4600,4600,6,-1104.0
4601,4601,3,-1002.0
4602,4602,1,-1000.0
4603,4603,1,-1000.0
4604,4604,2,-1001.0
4605,4605,1,-1000.0
4606,4606,3,-1002.0
4607,4607,4,-1102.0
4608,4608,1,-1000.0
4609,4609,3,-1101.0
4610,4610,1,-1000.0
4611,4611,3,-1101.0
4612,4612,2,-1001.0
4613,4613,1,-1000.0
4614,4614,2,-1100.0
4615,4615,1,-1000.0
4616,4616,3,-1002.0
4617,4617,8,-1007.0
4618,4618,1,-1000.0
4619,4619,1,-1000.0
4620,4620,1,-1000.0
4621,4621,3,-1002.0
4622,4622,1,-1000.0
4623,4623,1,-1000.0
4624,4624,6,-1203.0
4625,4625,1,-1000.0
4626,4626,1,-1000.0
4627,4627,4,-1003.0
4628,4628,3,-1101.0
4629,4629,2,-1001.0
4630,4630,1,-1000.0
4631,4631,11,-1208.0
4632,4632,3,-1002.0
4633,4633,7,-1204.0
4634,4634,2,-1001.0
4635,4635,5,-1202.0
4636,4636,16,-1213.0
4637,4637,4,-1102.0
4638,4638,4,-1003.0
4639,4639,1,-1000.0
4640,4640,1,-1000.0
4641,4641,14,-1013.0
4642,4642,3,-1101.0
4643,4643,1,-1000.0
4644,4644,5,-1103.0
4645,4645,1,-1000.0
4646,4646,1,-1000.0
4647,4647,1,-1000.0
4648,4648,3,-1002.0
4649,4649,1,-1000.0
4650,4650,2,-1001.0
4651,4651,11,-1208.0
4652,4652,1,-1000.0
4653,4653,1,-1000.0
4654,4654,3,-1200.0
4655,4655,2,-1001.0
4656,4656,11,-1109.0
4657,4657,3,-1002.0
4658,4658,15,-1311.0
4659,4659,5,-1004.0
4660,4660,3,-1002.0
4661,4661,2,-1100.0
4662,4662,1,-1000.0
4663,4663,2,-1100.0
4664,4664,8,-1106.0
4665,4665,4,-1102.0
4666,4666,1,-1000.0
4667,4667,1,-1000.0
4668,4668,1,-1000.0
4669,4669,5,-1202.0
4670,4670,2,-1001.0
4671,4671,3,-1002.0
4672,4672,1,-1000.0
4673,4673,2,-1100.0
4674,4674,1,-1000.0
4675,4675,1,-1000.0
4676,4676,1,-1000.0
4677,4677,1,-1000.0
4678,4678,3,-1002.0
4679,4679,1,-1000.0
4680,4680,5,-1004.0
4681,4681,4,-1201.0
4682,4682,5,-1004.0
4683,4683,1,-1000.0
4684,4684,2,-1100.0
4685,4685,1,-1000.0
4686,4686,1,-1000.0
4687,4687,1,-1000.0
4688,4688,1,-1000.0
4689,4689,7,-1006.0
4690,4690,2,-1001.0
4691,4691,2,-1001.0
4692,4692,1,-1000.0
4693,4693,3,-1002.0
4694,4694,1,-1000.0
4695,4695,1,-1000.0
4696,4696,1,-1000.0
4697,4697,2,-1100.0
4698,4698,11,-1010.0
4699,4699,2,-1001.0
4700,4700,1,-1000.0
4701,4701,2,-1100.0
4702,4702,1,-1000.0
4703,4703,3,-1002.0
4704,4704,2,-1001.0
4705,4705,1,-1000.0
4706,4706,2,-1001.0
4707,4707,1,-1000.0
4708,4708,1,-1000.0
4709,4709,2,-1100.0
4710,4710,1,-1000.0
4711,4711,1,-1000.0
4712,4712,1,-1000.0
4713,4713,5,-1004.0
4714,4714,2,-1001.0
4715,4715,10,-1207.0
4716,4716,1,-1000.0
4717,4717,1,-1000.0
4718,4718,2,-1001.0
4719,4719,4,-1003.0
4720,4720,2,-1001.0
4721,4721,4,-1102.0
4722,4722,1,-1000.0
4723,4723,6,-1005.0
4724,4724,1,-1000.0
4725,4725,3,-1002.0
4726,4726,2,-1001.0
4727,4727,1,-1000.0
4728,4728,6,-1104.0
4729,4729,2,-1001.0
4730,4730,1,-1000.0
4731,4731,2,-1001.0
4732,4732,3,-1101.0
4733,4733,2,-1100.0
4734,4734,6,-1302.0
4735,4735,4,-1003.0
4736,4736,1,-1000.0
4737,4737,2,-1100.0
4738,4738,2,-1001.0
4739,4739,2,-1001.0
4740,4740,1,-1000.0
4741,4741,11,-1109.0
4742,4742,4,-1003.0
4743,4743,1,-1000.0
4744,4744,1,-1000.0
4745,4745,1,-1000.0
4746,4746,1,-1000.0
4747,4747,1,-1000.0
4748,4748,1,-1000.0
4749,4749,3,-1002.0
4750,4750,1,-1000.0
4751,4751,2,-1001.0
4752,4752,1,-1000.0
4753,4753,3,-1002.0
4754,4754,1,-1000.0
4755,4755,2,-1001.0
4756,4756,9,-1107.0
4757,4757,1,-1000.0
4758,4758,2,-1001.0
4759,4759,5,-1004.0
4760,4760,8,-1403.0
4761,4761,4,-1201.0
4762,4762,1,-1000.0
4763,4763,8,-1007.0
4764,4764,1,-1000.0
4765,4765,1,-1000.0
4766,4766,1,-1000.0
4767,4767,4,-1003.0
4768,4768,1,-1000.0
4769,4769,5,-1103.0
4770,4770,1,-1000.0
4771,4771,1,-1000.0
4772,4772,1,-1000.0
4773,4773,3,-1002.0
4774,4774,4,-1003.0
4775,4775,1,-1000.0
4776,4776,2,-1001.0
4777,4777,1,-1000.0
4778,4778,2,-1100.0
4779,4779,1,-1000.0
4780,4780,2,-1001.0
4781,4781,3,-1002.0
4782,4782,1,-1000.0
4783,4783,3,-1002.0
4784,4784,1,-1000.0
4785,4785,1,-1000.0
4786,4786,1,-1000.0
4787,4787,1,-1000.0
4788,4788,1,-1000.0
4789,4789,5,-1103.0
4790,4790,1,-1000.0
4791,4791,3,-1002.0
4792,4792,2,-1100.0
4793,4793,1,-1000.0
4794,4794,1,-1000.0
4795,4795,1,-1000.0
4796,4796,1,-1000.0
4797,4797,1,-1000.0
4798,4798,1,-1000.0
4799,4799,2,-1001.0
4800,4800,1,-1000.0
4801,4801,2,-1100.0
4802,4802,1,-1000.0
4803,4803,3,-1101.0
4804,4804,2,-1001.0
4805,4805,3,-1101.0
4806,4806,1,-1000.0
4807,4807,1,-1000.0
4808,4808,6,-1005.0
4809,4809,1,-1000.0
4810,4810,6,-1005.0
4811,4811,2,-1001.0
4812,4812,3,-1101.0
4813,4813,5,-1103.0
4814,4814,3,-1002.0
4815,4815,1,-1000.0
4816,4816,18,-1413.0
4817,4817,2,-1001.0
4818,4818,1,-1000.0
4819,4819,1,-1000.0
4820,4820,1,-1000.0
4821,4821,1,-1000.0
4822,4822,2,-1001.0
4823,4823,4,-1003.0
4824,4824,6,-1104.0
4825,4825,4,-1003.0
4826,4826,10,-1009.0
4827,4827,2,-1100.0
4828,4828,3,-1101.0
4829,4829,1,-1000.0
4830,4830,8,-1007.0
4831,4831,2,-1100.0
4832,4832,3,-1002.0
4833,4833,1,-1000.0
4834,4834,1,-1000.0
4835,4835,1,-1000.0
4836,4836,3,-1002.0
4837,4837,1,-1000.0
4838,4838,1,-1000.0
4839,4839,11,-1109.0
4840,4840,7,-1204.0
4841,4841,3,-1101.0
4842,4842,2,-1001.0
4843,4843,1,-1000.0
4844,4844,8,-1205.0
4845,4845,3,-1002.0
4846,4846,1,-1000.0
4847,4847,3,-1002.0
4848,4848,1,-1000.0
4849,4849,1,-1000.0
4850,4850,4,-1102.0
4851,4851,1,-1000.0
4852,4852,2,-1100.0
4853,4853,2,-1001.0
4854,4854,1,-1000.0
4855,4855,1,-1000.0
4856,4856,1,-1000.0
4857,4857,2,-1001.0
4858,4858,1,-1000.0
4859,4859,4,-1003.0
4860,4860,6,-1203.0
4861,4861,6,-1203.0
4862,4862,1,-1000.0
4863,4863,3,-1002.0
4864,4864,1,-1000.0
4865,4865,2,-1001.0
4866,4866,1,-1000.0
4867,4867,1,-1000.0
4868,4868,4,-1003.0
4869,4869,6,-1104.0
4870,4870,1,-1000.0
4871,4871,8,-1106.0
4872,4872,1,-1000.0
4873,4873,3,-1002.0
4874,4874,1,-1000.0
4875,4875,2,-1100.0
4876,4876,3,-1002.0
4877,4877,1,-1000.0
4878,4878,1,-1000.0
4879,4879,2,-1001.0
4880,4880,3,-1002.0
4881,4881,1,-1000.0
4882,4882,2,-1001.0
4883,4883,2,-1001.0
4884,4884,3,-1101.0
4885,4885,1,-1000.0
4886,4886,5,-1103.0
4887,4887,8,-1007.0
4888,4888,1,-1000.0
4889,4889,1,-1000.0
4890,4890,1,-1000.0
4891,4891,1,-1000.0
4892,4892,1,-1000.0
4893,4893,1,-1000.0
4894,4894,1,-1000.0
4895,4895,1,-1000.0
4896,4896,4,-1003.0
4897,4897,1,-1000.0
4898,4898,2,-1001.0
4899,4899,5,-1103.0
4900,4900,1,-1000.0
4901,4901,1,-1000.0
4902,4902,1,-1000.0
4903,4903,4,-1003.0
4904,4904,14,-1013.0
4905,4905,1,-1000.0
4906,4906,2,-1001.0
4907,4907,1,-1000.0
4908,4908,1,-1000.0
4909,4909,1,-1000.0
4910,4910,2,-1001.0
4911,4911,9,-1008.0
4912,4912,1,-1000.0
4913,4913,9,-1008.0
4914,4914,1,-1000.0
4915,4915,1,-1000.0
4916,4916,5,-1103.0
4917,4917,3,-1101.0
4918,4918,1,-1000.0
4919,4919,2,-1100.0
4920,4920,1,-1000.0
4921,4921,1,-1000.0
4922,4922,8,-1106.0
4923,4923,1,-1000.0
4924,4924,3,-1101.0
4925,4925,1,-1000.0
4926,4926,1,-1000.0
4927,4927,16,-1015.0
4928,4928,4,-1102.0
4929,4929,2,-1001.0
4930,4930,1,-1000.0
4931,4931,1,-1000.0
4932,4932,1,-1000.0
4933,4933,2,-1001.0
4934,4934,2,-1001.0
4935,4935,6,-1104.0
4936,4936,1,-1000.0
4937,4937,1,-1000.0
4938,4938,1,-1000.0
4939,4939,6,-1203.0
4940,4940,2,-1100.0
4941,4941,11,-1208.0
4942,4942,10,-1207.0
4943,4943,2,-1100.0
4944,4944,1,-1000.0
4945,4945,1,-1000.0
4946,4946,3,-1101.0
4947,4947,1,-1000.0
4948,4948,1,-1000.0
4949,4949,1,-1000.0
4950,4950,11,-1010.0
4951,4951,1,-1000.0
4952,4952,5,-1103.0
4953,4953,1,-1000.0
4954,4954,1,-1000.0
4955,4955,2,-1001.0
4956,4956,3,-1002.0
4957,4957,1,-1000.0
4958,4958,1,-1000.0
4959,4959,8,-1106.0
4960,4960,3,-1200.0
4961,4961,2,-1001.0
4962,4962,5,-1103.0
4963,4963,4,-1102.0
4964,4964,2,-1001.0
4965,4965,1,-1000.0
4966,4966,1,-1000.0
4967,4967,1,-1000.0
4968,4968,1,-1000.0
4969,4969,3,-1002.0
4970,4970,7,-1105.0
4971,4971,6,-1104.0
4972,4972,2,-1001.0
4973,4973,1,-1000.0
4974,4974,1,-1000.0
4975,4975,1,-1000.0
4976,4976,1,-1000.0
4977,4977,5,-1202.0
4978,4978,1,-1000.0
4979,4979,8,-1007.0
4980,4980,1,-1000.0
4981,4981,10,-1009.0
4982,4982,1,-1000.0
4983,4983,1,-1000.0
4984,4984,1,-1000.0
4985,4985,8,-1007.0
4986,4986,8,-1205.0
4987,4987,2,-1001.0
4988,4988,1,-1000.0
4989,4989,3,-1002.0
4990,4990,5,-1103.0
4991,4991,12,-1110.0
4992,4992,3,-1101.0
4993,4993,3,-1002.0
4994,4994,2,-1001.0
4995,4995,1,-1000.0
4996,4996,3,-1002.0
4997,4997,1,-1000.0
4998,4998,1,-1000.0
4999,4999,12,-1407.0
5000,5000,1,-1000.0
